date,tvl,asset_type
2022-01-01,0.0,ITS
2022-01-01,0.0,non-ITS
2022-01-02,0.0,ITS
2022-01-02,4166.254635,non-ITS
2022-01-03,0.0,ITS
2022-01-03,28348.89901,non-ITS
2022-01-04,0.0,ITS
2022-01-04,26043.67396,non-ITS
2022-01-05,0.0,ITS
2022-01-05,25892.51849,non-ITS
2022-01-06,23550.13598,non-ITS
2022-01-06,0.0,ITS
2022-01-07,0.0,ITS
2022-01-07,22121.63783,non-ITS
2022-01-08,22080.89148,non-ITS
2022-01-08,0.0,ITS
2022-01-09,21750.56349,non-ITS
2022-01-09,0.0,ITS
2022-01-10,21772.02019,non-ITS
2022-01-10,0.0,ITS
2022-01-11,24696.43912,non-ITS
2022-01-11,0.0,ITS
2022-01-12,25830.61805,non-ITS
2022-01-12,0.0,ITS
2022-01-13,25782.13004,non-ITS
2022-01-13,0.0,ITS
2022-01-14,33484.40333,non-ITS
2022-01-14,0.0,ITS
2022-01-15,34054.23961,non-ITS
2022-01-15,0.0,ITS
2022-01-16,0.0,ITS
2022-01-16,33534.46026,non-ITS
2022-01-17,0.0,ITS
2022-01-17,32173.46145,non-ITS
2022-01-18,0.0,ITS
2022-01-18,32774.48751,non-ITS
2022-01-19,0.0,ITS
2022-01-19,38193.52649,non-ITS
2022-01-20,38608.09166,non-ITS
2022-01-20,0.0,ITS
2022-01-21,0.0,ITS
2022-01-21,34528.4055,non-ITS
2022-01-22,0.0,ITS
2022-01-22,29171.42592,non-ITS
2022-01-23,30281.55945,non-ITS
2022-01-23,0.0,ITS
2022-01-24,29337.43256,non-ITS
2022-01-24,0.0,ITS
2022-01-25,30347.88533,non-ITS
2022-01-25,0.0,ITS
2022-01-26,0.0,ITS
2022-01-26,31534.80919,non-ITS
2022-01-27,30428.33326,non-ITS
2022-01-27,0.0,ITS
2022-01-28,0.0,ITS
2022-01-28,28013.93521,non-ITS
2022-01-29,0.0,ITS
2022-01-29,20258.34324,non-ITS
2022-01-30,20555.49412,non-ITS
2022-01-30,0.0,ITS
2022-01-31,19297.8765,non-ITS
2022-01-31,0.0,ITS
2022-02-01,20321.56611,non-ITS
2022-02-01,0.0,ITS
2022-02-02,19661.68294,non-ITS
2022-02-02,0.0,ITS
2022-02-03,0.0,ITS
2022-02-03,20765.3446,non-ITS
2022-02-04,0.0,ITS
2022-02-04,24345.09035,non-ITS
2022-02-05,25937.36939,non-ITS
2022-02-05,0.0,ITS
2022-02-06,0.0,ITS
2022-02-06,27777.53236,non-ITS
2022-02-07,26049.06653,non-ITS
2022-02-07,0.0,ITS
2022-02-08,0.0,ITS
2022-02-08,34294.69602,non-ITS
2022-02-09,0.0,ITS
2022-02-09,34481.69383,non-ITS
2022-02-10,34025.05215,non-ITS
2022-02-10,0.0,ITS
2022-02-11,31367.11859,non-ITS
2022-02-11,0.0,ITS
2022-02-12,30112.43278,non-ITS
2022-02-12,0.0,ITS
2022-02-13,0.0,ITS
2022-02-13,30091.49117,non-ITS
2022-02-14,30001.88889,non-ITS
2022-02-14,0.0,ITS
2022-02-15,30976.02249,non-ITS
2022-02-15,0.0,ITS
2022-02-16,32007.29978,non-ITS
2022-02-16,0.0,ITS
2022-02-17,41621.25061,non-ITS
2022-02-17,0.0,ITS
2022-02-18,0.0,ITS
2022-02-18,34224.60208,non-ITS
2022-02-19,33791.51704,non-ITS
2022-02-19,0.0,ITS
2022-02-20,0.0,ITS
2022-02-20,32276.09829,non-ITS
2022-02-21,32568.09987,non-ITS
2022-02-21,0.0,ITS
2022-02-22,31322.00924,non-ITS
2022-02-22,0.0,ITS
2022-02-23,0.0,ITS
2022-02-23,32187.05078,non-ITS
2022-02-24,23984.23306,non-ITS
2022-02-24,0.0,ITS
2022-02-25,0.0,ITS
2022-02-25,24178.9524,non-ITS
2022-02-26,0.0,ITS
2022-02-26,30128.31932,non-ITS
2022-02-27,0.0,ITS
2022-02-27,29167.45226,non-ITS
2022-02-28,29379.70505,non-ITS
2022-02-28,0.0,ITS
2022-03-01,33182.35267,non-ITS
2022-03-01,0.0,ITS
2022-03-02,79969.17757,non-ITS
2022-03-02,0.0,ITS
2022-03-03,77715.08077,non-ITS
2022-03-03,0.0,ITS
2022-03-04,71396.27423,non-ITS
2022-03-04,0.0,ITS
2022-03-05,0.0,ITS
2022-03-05,67815.73437,non-ITS
2022-03-06,67534.46798,non-ITS
2022-03-06,0.0,ITS
2022-03-07,65576.28237,non-ITS
2022-03-07,0.0,ITS
2022-03-08,67716.57846,non-ITS
2022-03-08,0.0,ITS
2022-03-09,0.0,ITS
2022-03-09,71295.03405,non-ITS
2022-03-10,68692.85178,non-ITS
2022-03-10,0.0,ITS
2022-03-11,0.0,ITS
2022-03-11,68250.68333,non-ITS
2022-03-12,68665.198,non-ITS
2022-03-12,0.0,ITS
2022-03-13,68156.29543,non-ITS
2022-03-13,0.0,ITS
2022-03-14,67982.06787,non-ITS
2022-03-14,0.0,ITS
2022-03-15,0.0,ITS
2022-03-15,67321.27238,non-ITS
2022-03-16,68733.45331,non-ITS
2022-03-16,0.0,ITS
2022-03-17,77003.19811,non-ITS
2022-03-17,0.0,ITS
2022-03-18,78607.19206,non-ITS
2022-03-18,0.0,ITS
2022-03-19,81400.65676,non-ITS
2022-03-19,0.0,ITS
2022-03-20,0.0,ITS
2022-03-20,80049.08275,non-ITS
2022-03-21,80177.94529,non-ITS
2022-03-21,0.0,ITS
2022-03-22,0.0,ITS
2022-03-22,83009.94937,non-ITS
2022-03-23,82489.54414,non-ITS
2022-03-23,0.0,ITS
2022-03-24,0.0,ITS
2022-03-24,2084118.28,non-ITS
2022-03-25,0.0,ITS
2022-03-25,6086311.601,non-ITS
2022-03-26,0.0,ITS
2022-03-26,6088422.298,non-ITS
2022-03-27,0.0,ITS
2022-03-27,6090135.315,non-ITS
2022-03-28,6096784.142,non-ITS
2022-03-28,0.0,ITS
2022-03-29,6098999.424,non-ITS
2022-03-29,0.0,ITS
2022-03-30,6106956.213,non-ITS
2022-03-30,0.0,ITS
2022-03-31,6113479.212,non-ITS
2022-03-31,0.0,ITS
2022-04-01,0.0,ITS
2022-04-01,6101636.648,non-ITS
2022-04-02,0.0,ITS
2022-04-02,6122259.778,non-ITS
2022-04-03,0.0,ITS
2022-04-03,6111643.09,non-ITS
2022-04-04,0.0,ITS
2022-04-04,6111594.335,non-ITS
2022-04-05,0.0,ITS
2022-04-05,6108542.244,non-ITS
2022-04-06,0.0,ITS
2022-04-06,6099320.903,non-ITS
2022-04-07,6104749.193,non-ITS
2022-04-07,0.0,ITS
2022-04-08,0.0,ITS
2022-04-08,6118763.998,non-ITS
2022-04-09,6110530.273,non-ITS
2022-04-09,0.0,ITS
2022-04-10,6106564.338,non-ITS
2022-04-10,0.0,ITS
2022-04-11,0.0,ITS
2022-04-11,6103692.441,non-ITS
2022-04-12,0.0,ITS
2022-04-12,6100834.052,non-ITS
2022-04-13,0.0,ITS
2022-04-13,6142511.907,non-ITS
2022-04-14,6150716.632,non-ITS
2022-04-14,0.0,ITS
2022-04-15,0.0,ITS
2022-04-15,9173386.131,non-ITS
2022-04-16,9827662.872,non-ITS
2022-04-16,0.0,ITS
2022-04-17,0.0,ITS
2022-04-17,13070192.48,non-ITS
2022-04-18,14694252.96,non-ITS
2022-04-18,0.0,ITS
2022-04-19,0.0,ITS
2022-04-19,22280140.23,non-ITS
2022-04-20,0.0,ITS
2022-04-20,48827826.63,non-ITS
2022-04-21,0.0,ITS
2022-04-21,86626516.67,non-ITS
2022-04-22,80551109.47,non-ITS
2022-04-22,0.0,ITS
2022-04-23,0.0,ITS
2022-04-23,71576334.66,non-ITS
2022-04-24,0.0,ITS
2022-04-24,70715014.22,non-ITS
2022-04-25,0.0,ITS
2022-04-25,67564731.79,non-ITS
2022-04-26,67840648.13,non-ITS
2022-04-26,0.0,ITS
2022-04-27,0.0,ITS
2022-04-27,67350632.8,non-ITS
2022-04-28,0.0,ITS
2022-04-28,65882082.37,non-ITS
2022-04-29,63673175.4,non-ITS
2022-04-29,0.0,ITS
2022-04-30,60637401.23,non-ITS
2022-04-30,0.0,ITS
2022-05-01,0.0,ITS
2022-05-01,58304619.56,non-ITS
2022-05-02,57322258.65,non-ITS
2022-05-02,0.0,ITS
2022-05-03,0.0,ITS
2022-05-03,61355711.56,non-ITS
2022-05-04,66932256.65,non-ITS
2022-05-04,0.0,ITS
2022-05-05,0.0,ITS
2022-05-05,66534358.7,non-ITS
2022-05-06,62056059.33,non-ITS
2022-05-06,0.0,ITS
2022-05-07,60477993.14,non-ITS
2022-05-07,0.0,ITS
2022-05-08,0.0,ITS
2022-05-08,57129843.75,non-ITS
2022-05-09,52805073.22,non-ITS
2022-05-09,0.0,ITS
2022-05-10,0.0,ITS
2022-05-10,39471395.98,non-ITS
2022-05-11,0.0,ITS
2022-05-11,31608614.2,non-ITS
2022-05-12,34345151.15,non-ITS
2022-05-12,0.0,ITS
2022-05-13,0.0,ITS
2022-05-13,31107318.13,non-ITS
2022-05-14,0.0,ITS
2022-05-14,32358953.69,non-ITS
2022-05-15,34838322.09,non-ITS
2022-05-15,0.0,ITS
2022-05-16,38525605.64,non-ITS
2022-05-16,0.0,ITS
2022-05-17,0.0,ITS
2022-05-17,42480134.71,non-ITS
2022-05-18,44510779.93,non-ITS
2022-05-18,0.0,ITS
2022-05-19,47470307.66,non-ITS
2022-05-19,0.0,ITS
2022-05-20,0.0,ITS
2022-05-20,60941329.7,non-ITS
2022-05-21,62113099.48,non-ITS
2022-05-21,0.0,ITS
2022-05-22,64657164.91,non-ITS
2022-05-22,0.0,ITS
2022-05-23,66953518.3,non-ITS
2022-05-23,0.0,ITS
2022-05-24,0.0,ITS
2022-05-24,69123597.19,non-ITS
2022-05-25,0.0,ITS
2022-05-25,73269064.76,non-ITS
2022-05-26,77139591.64,non-ITS
2022-05-26,0.0,ITS
2022-05-27,0.0,ITS
2022-05-27,85864865.03,non-ITS
2022-05-28,0.0,ITS
2022-05-28,87906873.56,non-ITS
2022-05-29,87668240.23,non-ITS
2022-05-29,0.0,ITS
2022-05-30,0.0,ITS
2022-05-30,89104297.91,non-ITS
2022-05-31,89789086.35,non-ITS
2022-05-31,0.0,ITS
2022-06-01,0.0,ITS
2022-06-01,90615011.62,non-ITS
2022-06-02,0.0,ITS
2022-06-02,90584470.03,non-ITS
2022-06-03,0.0,ITS
2022-06-03,91996417.19,non-ITS
2022-06-04,0.0,ITS
2022-06-04,92415483.25,non-ITS
2022-06-05,0.0,ITS
2022-06-05,93795130.46,non-ITS
2022-06-06,94519364.99,non-ITS
2022-06-06,0.0,ITS
2022-06-07,0.0,ITS
2022-06-07,95433576.77,non-ITS
2022-06-08,97230111.05,non-ITS
2022-06-08,0.0,ITS
2022-06-09,100974794.0,non-ITS
2022-06-09,0.0,ITS
2022-06-10,0.0,ITS
2022-06-10,101906927.0,non-ITS
2022-06-11,0.0,ITS
2022-06-11,101139653.7,non-ITS
2022-06-12,0.0,ITS
2022-06-12,96923098.07,non-ITS
2022-06-13,94565653.91,non-ITS
2022-06-13,0.0,ITS
2022-06-14,96811164.98,non-ITS
2022-06-14,0.0,ITS
2022-06-15,97052250.21,non-ITS
2022-06-15,0.0,ITS
2022-06-16,95764063.08,non-ITS
2022-06-16,0.0,ITS
2022-06-17,0.0,ITS
2022-06-17,94951616.32,non-ITS
2022-06-18,93449940.22,non-ITS
2022-06-18,0.0,ITS
2022-06-19,0.0,ITS
2022-06-19,94728207.6,non-ITS
2022-06-20,95034819.4,non-ITS
2022-06-20,0.0,ITS
2022-06-21,0.0,ITS
2022-06-21,95621294.54,non-ITS
2022-06-22,97274041.95,non-ITS
2022-06-22,0.0,ITS
2022-06-23,0.0,ITS
2022-06-23,97844870.48,non-ITS
2022-06-24,0.0,ITS
2022-06-24,100071384.3,non-ITS
2022-06-25,0.0,ITS
2022-06-25,100496488.8,non-ITS
2022-06-26,99694760.33,non-ITS
2022-06-26,0.0,ITS
2022-06-27,98408289.47,non-ITS
2022-06-27,0.0,ITS
2022-06-28,0.0,ITS
2022-06-28,96841599.86,non-ITS
2022-06-29,0.0,ITS
2022-06-29,96861153.4,non-ITS
2022-06-30,0.0,ITS
2022-06-30,104788806.6,non-ITS
2022-07-01,106090858.2,non-ITS
2022-07-01,0.0,ITS
2022-07-02,0.0,ITS
2022-07-02,105769235.6,non-ITS
2022-07-03,0.0,ITS
2022-07-03,105330216.9,non-ITS
2022-07-04,105873271.2,non-ITS
2022-07-04,0.0,ITS
2022-07-05,108825779.2,non-ITS
2022-07-05,0.0,ITS
2022-07-06,0.0,ITS
2022-07-06,108934283.4,non-ITS
2022-07-07,0.0,ITS
2022-07-07,107655229.0,non-ITS
2022-07-08,0.0,ITS
2022-07-08,108322256.2,non-ITS
2022-07-09,108794077.2,non-ITS
2022-07-09,0.0,ITS
2022-07-10,0.0,ITS
2022-07-10,108360399.4,non-ITS
2022-07-11,0.0,ITS
2022-07-11,107975065.6,non-ITS
2022-07-12,0.0,ITS
2022-07-12,107022879.5,non-ITS
2022-07-13,106786452.5,non-ITS
2022-07-13,0.0,ITS
2022-07-14,0.0,ITS
2022-07-14,108132318.8,non-ITS
2022-07-15,109124358.6,non-ITS
2022-07-15,0.0,ITS
2022-07-16,0.0,ITS
2022-07-16,109522055.0,non-ITS
2022-07-17,110465747.4,non-ITS
2022-07-17,0.0,ITS
2022-07-18,0.0,ITS
2022-07-18,111576243.3,non-ITS
2022-07-19,0.0,ITS
2022-07-19,112916332.8,non-ITS
2022-07-20,0.0,ITS
2022-07-20,113560876.5,non-ITS
2022-07-21,0.0,ITS
2022-07-21,116747381.3,non-ITS
2022-07-22,118461703.7,non-ITS
2022-07-22,0.0,ITS
2022-07-23,120370829.9,non-ITS
2022-07-23,0.0,ITS
2022-07-24,121257065.8,non-ITS
2022-07-24,0.0,ITS
2022-07-25,118821524.4,non-ITS
2022-07-25,0.0,ITS
2022-07-26,118146289.4,non-ITS
2022-07-26,0.0,ITS
2022-07-27,119209403.4,non-ITS
2022-07-27,0.0,ITS
2022-07-28,0.0,ITS
2022-07-28,121181205.5,non-ITS
2022-07-29,0.0,ITS
2022-07-29,123804027.5,non-ITS
2022-07-30,124122866.3,non-ITS
2022-07-30,0.0,ITS
2022-07-31,0.0,ITS
2022-07-31,127452223.0,non-ITS
2022-08-01,0.0,ITS
2022-08-01,127814423.2,non-ITS
2022-08-02,0.0,ITS
2022-08-02,126265389.4,non-ITS
2022-08-03,126146084.5,non-ITS
2022-08-03,0.0,ITS
2022-08-04,0.0,ITS
2022-08-04,127097818.0,non-ITS
2022-08-05,127101070.7,non-ITS
2022-08-05,0.0,ITS
2022-08-06,0.0,ITS
2022-08-06,127257937.7,non-ITS
2022-08-07,130577442.0,non-ITS
2022-08-07,0.0,ITS
2022-08-08,131114932.2,non-ITS
2022-08-08,0.0,ITS
2022-08-09,0.0,ITS
2022-08-09,131016513.4,non-ITS
2022-08-10,0.0,ITS
2022-08-10,131217756.8,non-ITS
2022-08-11,0.0,ITS
2022-08-11,132101220.5,non-ITS
2022-08-12,0.0,ITS
2022-08-12,132379854.4,non-ITS
2022-08-13,133101361.5,non-ITS
2022-08-13,0.0,ITS
2022-08-14,135744767.5,non-ITS
2022-08-14,0.0,ITS
2022-08-15,135226210.4,non-ITS
2022-08-15,0.0,ITS
2022-08-16,0.0,ITS
2022-08-16,134088842.2,non-ITS
2022-08-17,0.0,ITS
2022-08-17,135731901.7,non-ITS
2022-08-18,0.0,ITS
2022-08-18,134831071.4,non-ITS
2022-08-19,0.0,ITS
2022-08-19,134735814.8,non-ITS
2022-08-20,0.0,ITS
2022-08-20,134110092.7,non-ITS
2022-08-21,132726285.5,non-ITS
2022-08-21,0.0,ITS
2022-08-22,0.0,ITS
2022-08-22,133348005.5,non-ITS
2022-08-23,0.0,ITS
2022-08-23,135361589.3,non-ITS
2022-08-24,136854058.2,non-ITS
2022-08-24,0.0,ITS
2022-08-25,139154535.2,non-ITS
2022-08-25,0.0,ITS
2022-08-26,0.0,ITS
2022-08-26,141565461.7,non-ITS
2022-08-27,139244215.6,non-ITS
2022-08-27,0.0,ITS
2022-08-28,0.0,ITS
2022-08-28,138702096.7,non-ITS
2022-08-29,0.0,ITS
2022-08-29,135825221.0,non-ITS
2022-08-30,0.0,ITS
2022-08-30,136343482.7,non-ITS
2022-08-31,139353840.2,non-ITS
2022-08-31,0.0,ITS
2022-09-01,139273592.7,non-ITS
2022-09-01,0.0,ITS
2022-09-02,140578695.7,non-ITS
2022-09-02,0.0,ITS
2022-09-03,140875821.6,non-ITS
2022-09-03,0.0,ITS
2022-09-04,0.0,ITS
2022-09-04,142263895.0,non-ITS
2022-09-05,0.0,ITS
2022-09-05,142862611.3,non-ITS
2022-09-06,0.0,ITS
2022-09-06,143730811.3,non-ITS
2022-09-07,0.0,ITS
2022-09-07,142406852.4,non-ITS
2022-09-08,145358910.4,non-ITS
2022-09-08,0.0,ITS
2022-09-09,0.0,ITS
2022-09-09,158365929.6,non-ITS
2022-09-10,160424892.6,non-ITS
2022-09-10,0.0,ITS
2022-09-11,0.0,ITS
2022-09-11,161420577.7,non-ITS
2022-09-12,0.0,ITS
2022-09-12,160428376.5,non-ITS
2022-09-13,0.0,ITS
2022-09-13,159480884.2,non-ITS
2022-09-14,0.0,ITS
2022-09-14,142409133.6,non-ITS
2022-09-15,0.0,ITS
2022-09-15,146457145.5,non-ITS
2022-09-16,0.0,ITS
2022-09-16,145208378.8,non-ITS
2022-09-17,0.0,ITS
2022-09-17,147840518.6,non-ITS
2022-09-18,147212162.3,non-ITS
2022-09-18,0.0,ITS
2022-09-19,0.0,ITS
2022-09-19,145905541.7,non-ITS
2022-09-20,0.0,ITS
2022-09-20,146117000.7,non-ITS
2022-09-21,145213162.7,non-ITS
2022-09-21,0.0,ITS
2022-09-22,0.0,ITS
2022-09-22,156859996.8,non-ITS
2022-09-23,157307422.5,non-ITS
2022-09-23,0.0,ITS
2022-09-24,158040200.2,non-ITS
2022-09-24,0.0,ITS
2022-09-25,158760139.7,non-ITS
2022-09-25,0.0,ITS
2022-09-26,158569019.1,non-ITS
2022-09-26,0.0,ITS
2022-09-27,0.0,ITS
2022-09-27,171024655.5,non-ITS
2022-09-28,0.0,ITS
2022-09-28,171172550.5,non-ITS
2022-09-29,0.0,ITS
2022-09-29,180575950.7,non-ITS
2022-09-30,175023926.2,non-ITS
2022-09-30,0.0,ITS
2022-10-01,173174472.6,non-ITS
2022-10-01,0.0,ITS
2022-10-02,172650141.8,non-ITS
2022-10-02,0.0,ITS
2022-10-03,172965860.7,non-ITS
2022-10-03,0.0,ITS
2022-10-04,0.0,ITS
2022-10-04,178157732.6,non-ITS
2022-10-05,0.0,ITS
2022-10-05,179764861.9,non-ITS
2022-10-06,185161371.8,non-ITS
2022-10-06,0.0,ITS
2022-10-07,187048959.0,non-ITS
2022-10-07,0.0,ITS
2022-10-08,192275154.4,non-ITS
2022-10-08,0.0,ITS
2022-10-09,0.0,ITS
2022-10-09,181694501.5,non-ITS
2022-10-10,182072158.4,non-ITS
2022-10-10,0.0,ITS
2022-10-11,0.0,ITS
2022-10-11,183101106.0,non-ITS
2022-10-12,184809420.2,non-ITS
2022-10-12,0.0,ITS
2022-10-13,0.0,ITS
2022-10-13,182480610.4,non-ITS
2022-10-14,0.0,ITS
2022-10-14,187121069.3,non-ITS
2022-10-15,185230874.1,non-ITS
2022-10-15,0.0,ITS
2022-10-16,0.0,ITS
2022-10-16,185938439.8,non-ITS
2022-10-17,0.0,ITS
2022-10-17,186464761.2,non-ITS
2022-10-18,0.0,ITS
2022-10-18,185901113.7,non-ITS
2022-10-19,0.0,ITS
2022-10-19,187067286.5,non-ITS
2022-10-20,0.0,ITS
2022-10-20,180718568.9,non-ITS
2022-10-21,180280893.6,non-ITS
2022-10-21,0.0,ITS
2022-10-22,0.0,ITS
2022-10-22,179309869.3,non-ITS
2022-10-23,179367188.6,non-ITS
2022-10-23,0.0,ITS
2022-10-24,181812656.5,non-ITS
2022-10-24,0.0,ITS
2022-10-25,179605184.4,non-ITS
2022-10-25,0.0,ITS
2022-10-26,182356857.1,non-ITS
2022-10-26,0.0,ITS
2022-10-27,182550030.9,non-ITS
2022-10-27,0.0,ITS
2022-10-28,200460044.4,non-ITS
2022-10-28,0.0,ITS
2022-10-29,198660169.2,non-ITS
2022-10-29,0.0,ITS
2022-10-30,0.0,ITS
2022-10-30,195665410.6,non-ITS
2022-10-31,187614879.4,non-ITS
2022-10-31,0.0,ITS
2022-11-01,0.0,ITS
2022-11-01,186674159.9,non-ITS
2022-11-02,183223629.0,non-ITS
2022-11-02,0.0,ITS
2022-11-03,0.0,ITS
2022-11-03,184173670.8,non-ITS
2022-11-04,0.0,ITS
2022-11-04,186141832.6,non-ITS
2022-11-05,0.0,ITS
2022-11-05,188683983.0,non-ITS
2022-11-06,0.0,ITS
2022-11-06,187486409.7,non-ITS
2022-11-07,0.0,ITS
2022-11-07,187004297.7,non-ITS
2022-11-08,0.0,ITS
2022-11-08,178986314.8,non-ITS
2022-11-09,164960271.4,non-ITS
2022-11-09,0.0,ITS
2022-11-10,162334574.2,non-ITS
2022-11-10,0.0,ITS
2022-11-11,161431357.4,non-ITS
2022-11-11,0.0,ITS
2022-11-12,0.0,ITS
2022-11-12,160329514.8,non-ITS
2022-11-13,0.0,ITS
2022-11-13,161277131.4,non-ITS
2022-11-14,162333224.7,non-ITS
2022-11-14,0.0,ITS
2022-11-15,0.0,ITS
2022-11-15,163502865.0,non-ITS
2022-11-16,0.0,ITS
2022-11-16,162620763.9,non-ITS
2022-11-17,0.0,ITS
2022-11-17,161512371.8,non-ITS
2022-11-18,162956859.8,non-ITS
2022-11-18,0.0,ITS
2022-11-19,163298802.3,non-ITS
2022-11-19,0.0,ITS
2022-11-20,160223606.5,non-ITS
2022-11-20,0.0,ITS
2022-11-21,0.0,ITS
2022-11-21,158082362.7,non-ITS
2022-11-22,0.0,ITS
2022-11-22,151139729.0,non-ITS
2022-11-23,150854435.7,non-ITS
2022-11-23,0.0,ITS
2022-11-24,0.0,ITS
2022-11-24,151834036.4,non-ITS
2022-11-25,0.0,ITS
2022-11-25,153398270.7,non-ITS
2022-11-26,0.0,ITS
2022-11-26,154954257.1,non-ITS
2022-11-27,0.0,ITS
2022-11-27,154071781.5,non-ITS
2022-11-28,152773733.7,non-ITS
2022-11-28,0.0,ITS
2022-11-29,152619996.1,non-ITS
2022-11-29,0.0,ITS
2022-11-30,0.0,ITS
2022-11-30,152410706.3,non-ITS
2022-12-01,0.0,ITS
2022-12-01,151695718.8,non-ITS
2022-12-02,152260699.0,non-ITS
2022-12-02,0.0,ITS
2022-12-03,152020108.8,non-ITS
2022-12-03,0.0,ITS
2022-12-04,150678441.3,non-ITS
2022-12-04,0.0,ITS
2022-12-05,0.0,ITS
2022-12-05,151529897.7,non-ITS
2022-12-06,150669704.5,non-ITS
2022-12-06,0.0,ITS
2022-12-07,149676903.2,non-ITS
2022-12-07,0.0,ITS
2022-12-08,152121404.7,non-ITS
2022-12-08,0.0,ITS
2022-12-09,152363306.7,non-ITS
2022-12-09,0.0,ITS
2022-12-10,157370986.0,non-ITS
2022-12-10,0.0,ITS
2022-12-11,0.0,ITS
2022-12-11,156399658.2,non-ITS
2022-12-12,155433776.4,non-ITS
2022-12-12,0.0,ITS
2022-12-13,0.0,ITS
2022-12-13,156085118.8,non-ITS
2022-12-14,154154897.2,non-ITS
2022-12-14,0.0,ITS
2022-12-15,0.0,ITS
2022-12-15,156996167.4,non-ITS
2022-12-16,0.0,ITS
2022-12-16,155246259.3,non-ITS
2022-12-17,154379137.1,non-ITS
2022-12-17,0.0,ITS
2022-12-18,0.0,ITS
2022-12-18,155095982.0,non-ITS
2022-12-19,0.0,ITS
2022-12-19,156101231.8,non-ITS
2022-12-20,0.0,ITS
2022-12-20,156084719.1,non-ITS
2022-12-21,154879124.3,non-ITS
2022-12-21,0.0,ITS
2022-12-22,155312255.8,non-ITS
2022-12-22,0.0,ITS
2022-12-23,157857973.8,non-ITS
2022-12-23,0.0,ITS
2022-12-24,162695661.8,non-ITS
2022-12-24,0.0,ITS
2022-12-25,0.0,ITS
2022-12-25,165149932.0,non-ITS
2022-12-26,0.0,ITS
2022-12-26,165618674.9,non-ITS
2022-12-27,164878616.8,non-ITS
2022-12-27,0.0,ITS
2022-12-28,0.0,ITS
2022-12-28,163105381.2,non-ITS
2022-12-29,160670547.1,non-ITS
2022-12-29,0.0,ITS
2022-12-30,0.0,ITS
2022-12-30,159811165.7,non-ITS
2022-12-31,0.0,ITS
2022-12-31,159250257.2,non-ITS
2023-01-01,158870026.0,non-ITS
2023-01-01,0.0,ITS
2023-01-02,160615185.5,non-ITS
2023-01-02,0.0,ITS
2023-01-03,164456455.3,non-ITS
2023-01-03,0.0,ITS
2023-01-04,0.0,ITS
2023-01-04,164656924.8,non-ITS
2023-01-05,0.0,ITS
2023-01-05,162568291.6,non-ITS
2023-01-06,0.0,ITS
2023-01-06,160828446.2,non-ITS
2023-01-07,159722416.9,non-ITS
2023-01-07,0.0,ITS
2023-01-08,0.0,ITS
2023-01-08,160231802.7,non-ITS
2023-01-09,162771903.6,non-ITS
2023-01-09,0.0,ITS
2023-01-10,162002482.9,non-ITS
2023-01-10,0.0,ITS
2023-01-11,162933405.7,non-ITS
2023-01-11,0.0,ITS
2023-01-12,0.0,ITS
2023-01-12,163316784.5,non-ITS
2023-01-13,0.0,ITS
2023-01-13,164778307.3,non-ITS
2023-01-14,0.0,ITS
2023-01-14,167297090.6,non-ITS
2023-01-15,168149883.5,non-ITS
2023-01-15,0.0,ITS
2023-01-16,167173354.9,non-ITS
2023-01-16,0.0,ITS
2023-01-17,0.0,ITS
2023-01-17,166029797.9,non-ITS
2023-01-18,0.0,ITS
2023-01-18,161951503.2,non-ITS
2023-01-19,161867663.7,non-ITS
2023-01-19,0.0,ITS
2023-01-20,0.0,ITS
2023-01-20,161566980.7,non-ITS
2023-01-21,163895409.1,non-ITS
2023-01-21,0.0,ITS
2023-01-22,167411327.2,non-ITS
2023-01-22,0.0,ITS
2023-01-23,169923367.5,non-ITS
2023-01-23,0.0,ITS
2023-01-24,169076307.3,non-ITS
2023-01-24,0.0,ITS
2023-01-25,169941306.6,non-ITS
2023-01-25,0.0,ITS
2023-01-26,168817455.8,non-ITS
2023-01-26,0.0,ITS
2023-01-27,168327103.9,non-ITS
2023-01-27,0.0,ITS
2023-01-28,170114984.5,non-ITS
2023-01-28,0.0,ITS
2023-01-29,170630083.1,non-ITS
2023-01-29,0.0,ITS
2023-01-30,0.0,ITS
2023-01-30,167462056.3,non-ITS
2023-01-31,0.0,ITS
2023-01-31,166799077.8,non-ITS
2023-02-01,169822764.9,non-ITS
2023-02-01,0.0,ITS
2023-02-02,0.0,ITS
2023-02-02,171916776.3,non-ITS
2023-02-03,173437821.2,non-ITS
2023-02-03,0.0,ITS
2023-02-04,0.0,ITS
2023-02-04,175266216.9,non-ITS
2023-02-05,0.0,ITS
2023-02-05,174209825.7,non-ITS
2023-02-06,0.0,ITS
2023-02-06,172015965.8,non-ITS
2023-02-07,0.0,ITS
2023-02-07,175444147.1,non-ITS
2023-02-08,180208388.1,non-ITS
2023-02-08,0.0,ITS
2023-02-09,178755515.7,non-ITS
2023-02-09,0.0,ITS
2023-02-10,175763942.3,non-ITS
2023-02-10,0.0,ITS
2023-02-11,0.0,ITS
2023-02-11,175152953.4,non-ITS
2023-02-12,0.0,ITS
2023-02-12,176328934.5,non-ITS
2023-02-13,172220347.7,non-ITS
2023-02-13,0.0,ITS
2023-02-14,172984177.0,non-ITS
2023-02-14,0.0,ITS
2023-02-15,174658873.6,non-ITS
2023-02-15,0.0,ITS
2023-02-16,183385810.6,non-ITS
2023-02-16,0.0,ITS
2023-02-17,183915544.8,non-ITS
2023-02-17,0.0,ITS
2023-02-18,0.0,ITS
2023-02-18,184688329.1,non-ITS
2023-02-19,0.0,ITS
2023-02-19,184406811.1,non-ITS
2023-02-20,184206507.5,non-ITS
2023-02-20,0.0,ITS
2023-02-21,183547646.0,non-ITS
2023-02-21,0.0,ITS
2023-02-22,181402694.6,non-ITS
2023-02-22,0.0,ITS
2023-02-23,181533873.7,non-ITS
2023-02-23,0.0,ITS
2023-02-24,0.0,ITS
2023-02-24,180812479.3,non-ITS
2023-02-25,0.0,ITS
2023-02-25,179151267.6,non-ITS
2023-02-26,179451786.3,non-ITS
2023-02-26,0.0,ITS
2023-02-27,0.0,ITS
2023-02-27,178834841.7,non-ITS
2023-02-28,0.0,ITS
2023-02-28,172340253.5,non-ITS
2023-03-01,0.0,ITS
2023-03-01,171025180.9,non-ITS
2023-03-02,169099494.5,non-ITS
2023-03-02,0.0,ITS
2023-03-03,0.0,ITS
2023-03-03,165439524.2,non-ITS
2023-03-04,164395574.5,non-ITS
2023-03-04,0.0,ITS
2023-03-05,163929332.8,non-ITS
2023-03-05,0.0,ITS
2023-03-06,0.0,ITS
2023-03-06,164025796.7,non-ITS
2023-03-07,164509141.9,non-ITS
2023-03-07,0.0,ITS
2023-03-08,0.0,ITS
2023-03-08,164157316.9,non-ITS
2023-03-09,0.0,ITS
2023-03-09,161661812.2,non-ITS
2023-03-10,155863566.2,non-ITS
2023-03-10,0.0,ITS
2023-03-11,0.0,ITS
2023-03-11,131558368.7,non-ITS
2023-03-12,0.0,ITS
2023-03-12,131382665.5,non-ITS
2023-03-13,0.0,ITS
2023-03-13,137950209.4,non-ITS
2023-03-14,142153372.9,non-ITS
2023-03-14,0.0,ITS
2023-03-15,0.0,ITS
2023-03-15,140772459.1,non-ITS
2023-03-16,0.0,ITS
2023-03-16,141910868.8,non-ITS
2023-03-17,0.0,ITS
2023-03-17,143219295.3,non-ITS
2023-03-18,0.0,ITS
2023-03-18,145950997.6,non-ITS
2023-03-19,145499261.7,non-ITS
2023-03-19,0.0,ITS
2023-03-20,0.0,ITS
2023-03-20,145642164.1,non-ITS
2023-03-21,0.0,ITS
2023-03-21,144933611.9,non-ITS
2023-03-22,0.0,ITS
2023-03-22,149489682.3,non-ITS
2023-03-23,0.0,ITS
2023-03-23,151398256.4,non-ITS
2023-03-24,0.0,ITS
2023-03-24,150817556.9,non-ITS
2023-03-25,0.0,ITS
2023-03-25,152043535.4,non-ITS
2023-03-26,0.0,ITS
2023-03-26,152286026.2,non-ITS
2023-03-27,0.0,ITS
2023-03-27,151360737.5,non-ITS
2023-03-28,0.0,ITS
2023-03-28,150411356.5,non-ITS
2023-03-29,0.0,ITS
2023-03-29,150871851.7,non-ITS
2023-03-30,0.0,ITS
2023-03-30,149399059.3,non-ITS
2023-03-31,0.0,ITS
2023-03-31,149734377.9,non-ITS
2023-04-01,0.0,ITS
2023-04-01,153537857.2,non-ITS
2023-04-02,151912956.4,non-ITS
2023-04-02,0.0,ITS
2023-04-03,0.0,ITS
2023-04-03,150619730.7,non-ITS
2023-04-04,0.0,ITS
2023-04-04,150602975.5,non-ITS
2023-04-05,151775170.5,non-ITS
2023-04-05,0.0,ITS
2023-04-06,152941182.4,non-ITS
2023-04-06,0.0,ITS
2023-04-07,0.0,ITS
2023-04-07,150614124.3,non-ITS
2023-04-08,0.0,ITS
2023-04-08,150343467.4,non-ITS
2023-04-09,150538093.7,non-ITS
2023-04-09,0.0,ITS
2023-04-10,150786848.2,non-ITS
2023-04-10,0.0,ITS
2023-04-11,0.0,ITS
2023-04-11,150591483.0,non-ITS
2023-04-12,0.0,ITS
2023-04-12,150231973.2,non-ITS
2023-04-13,0.0,ITS
2023-04-13,150118486.4,non-ITS
2023-04-14,0.0,ITS
2023-04-14,157261325.0,non-ITS
2023-04-15,157658650.8,non-ITS
2023-04-15,0.0,ITS
2023-04-16,0.0,ITS
2023-04-16,154815773.8,non-ITS
2023-04-17,154742293.4,non-ITS
2023-04-17,0.0,ITS
2023-04-18,0.0,ITS
2023-04-18,156106332.9,non-ITS
2023-04-19,155858755.7,non-ITS
2023-04-19,0.0,ITS
2023-04-20,156195174.7,non-ITS
2023-04-20,0.0,ITS
2023-04-21,0.0,ITS
2023-04-21,154940097.3,non-ITS
2023-04-22,156304522.4,non-ITS
2023-04-22,0.0,ITS
2023-04-23,156246649.7,non-ITS
2023-04-23,0.0,ITS
2023-04-24,155301607.8,non-ITS
2023-04-24,0.0,ITS
2023-04-25,153801208.1,non-ITS
2023-04-25,0.0,ITS
2023-04-26,155056146.6,non-ITS
2023-04-26,0.0,ITS
2023-04-27,0.0,ITS
2023-04-27,155909011.8,non-ITS
2023-04-28,0.0,ITS
2023-04-28,157979085.6,non-ITS
2023-04-29,0.0,ITS
2023-04-29,160694781.3,non-ITS
2023-04-30,159805457.2,non-ITS
2023-04-30,0.0,ITS
2023-05-01,157507821.8,non-ITS
2023-05-01,0.0,ITS
2023-05-02,0.0,ITS
2023-05-02,159002332.4,non-ITS
2023-05-03,159457599.6,non-ITS
2023-05-03,0.0,ITS
2023-05-04,160586144.1,non-ITS
2023-05-04,0.0,ITS
2023-05-05,161023020.9,non-ITS
2023-05-05,0.0,ITS
2023-05-06,0.0,ITS
2023-05-06,161027741.6,non-ITS
2023-05-07,160446503.2,non-ITS
2023-05-07,0.0,ITS
2023-05-08,159574710.0,non-ITS
2023-05-08,0.0,ITS
2023-05-09,0.0,ITS
2023-05-09,159854408.8,non-ITS
2023-05-10,0.0,ITS
2023-05-10,159047837.9,non-ITS
2023-05-11,0.0,ITS
2023-05-11,159354594.6,non-ITS
2023-05-12,159005412.0,non-ITS
2023-05-12,0.0,ITS
2023-05-13,158043820.8,non-ITS
2023-05-13,0.0,ITS
2023-05-14,158593137.7,non-ITS
2023-05-14,0.0,ITS
2023-05-15,159559029.7,non-ITS
2023-05-15,0.0,ITS
2023-05-16,0.0,ITS
2023-05-16,160401075.8,non-ITS
2023-05-17,0.0,ITS
2023-05-17,159190260.1,non-ITS
2023-05-18,158808546.7,non-ITS
2023-05-18,0.0,ITS
2023-05-19,0.0,ITS
2023-05-19,160388316.1,non-ITS
2023-05-20,0.0,ITS
2023-05-20,162695293.4,non-ITS
2023-05-21,161820541.2,non-ITS
2023-05-21,0.0,ITS
2023-05-22,160816978.9,non-ITS
2023-05-22,0.0,ITS
2023-05-23,162349755.2,non-ITS
2023-05-23,0.0,ITS
2023-05-24,161802241.0,non-ITS
2023-05-24,0.0,ITS
2023-05-25,0.0,ITS
2023-05-25,158406422.3,non-ITS
2023-05-26,0.0,ITS
2023-05-26,158941312.4,non-ITS
2023-05-27,158158649.1,non-ITS
2023-05-27,0.0,ITS
2023-05-28,0.0,ITS
2023-05-28,163098680.3,non-ITS
2023-05-29,166770787.6,non-ITS
2023-05-29,0.0,ITS
2023-05-30,0.0,ITS
2023-05-30,164647254.2,non-ITS
2023-05-31,0.0,ITS
2023-05-31,163007038.5,non-ITS
2023-06-01,0.0,ITS
2023-06-01,162572127.5,non-ITS
2023-06-02,0.0,ITS
2023-06-02,162416551.7,non-ITS
2023-06-03,163287063.3,non-ITS
2023-06-03,0.0,ITS
2023-06-04,164551062.8,non-ITS
2023-06-04,0.0,ITS
2023-06-05,0.0,ITS
2023-06-05,169822082.4,non-ITS
2023-06-06,170170370.8,non-ITS
2023-06-06,0.0,ITS
2023-06-07,0.0,ITS
2023-06-07,171521084.0,non-ITS
2023-06-08,0.0,ITS
2023-06-08,171154839.6,non-ITS
2023-06-09,170223356.7,non-ITS
2023-06-09,0.0,ITS
2023-06-10,0.0,ITS
2023-06-10,165836295.2,non-ITS
2023-06-11,0.0,ITS
2023-06-11,164096743.0,non-ITS
2023-06-12,166281801.1,non-ITS
2023-06-12,0.0,ITS
2023-06-13,167484393.2,non-ITS
2023-06-13,0.0,ITS
2023-06-14,0.0,ITS
2023-06-14,168066944.8,non-ITS
2023-06-15,0.0,ITS
2023-06-15,166615309.5,non-ITS
2023-06-16,0.0,ITS
2023-06-16,169281802.2,non-ITS
2023-06-17,169779562.0,non-ITS
2023-06-17,0.0,ITS
2023-06-18,170616989.9,non-ITS
2023-06-18,0.0,ITS
2023-06-19,172483514.6,non-ITS
2023-06-19,0.0,ITS
2023-06-20,0.0,ITS
2023-06-20,172116188.7,non-ITS
2023-06-21,175105844.8,non-ITS
2023-06-21,0.0,ITS
2023-06-22,176528951.1,non-ITS
2023-06-22,0.0,ITS
2023-06-23,0.0,ITS
2023-06-23,176725153.3,non-ITS
2023-06-24,177464384.9,non-ITS
2023-06-24,0.0,ITS
2023-06-25,0.0,ITS
2023-06-25,178220683.0,non-ITS
2023-06-26,176056660.1,non-ITS
2023-06-26,0.0,ITS
2023-06-27,0.0,ITS
2023-06-27,174933779.1,non-ITS
2023-06-28,0.0,ITS
2023-06-28,173450055.0,non-ITS
2023-06-29,0.0,ITS
2023-06-29,172739071.0,non-ITS
2023-06-30,175185845.4,non-ITS
2023-06-30,0.0,ITS
2023-07-01,0.0,ITS
2023-07-01,175534375.3,non-ITS
2023-07-02,0.0,ITS
2023-07-02,175033885.0,non-ITS
2023-07-03,175501005.2,non-ITS
2023-07-03,0.0,ITS
2023-07-04,175306200.8,non-ITS
2023-07-04,0.0,ITS
2023-07-05,175704242.5,non-ITS
2023-07-05,0.0,ITS
2023-07-06,174257038.1,non-ITS
2023-07-06,0.0,ITS
2023-07-07,0.0,ITS
2023-07-07,175121171.1,non-ITS
2023-07-08,0.0,ITS
2023-07-08,173341225.7,non-ITS
2023-07-09,173329825.1,non-ITS
2023-07-09,0.0,ITS
2023-07-10,175013533.0,non-ITS
2023-07-10,0.0,ITS
2023-07-11,176369892.3,non-ITS
2023-07-11,0.0,ITS
2023-07-12,176712817.0,non-ITS
2023-07-12,0.0,ITS
2023-07-13,174279336.6,non-ITS
2023-07-13,0.0,ITS
2023-07-14,0.0,ITS
2023-07-14,177827459.8,non-ITS
2023-07-15,177192529.4,non-ITS
2023-07-15,0.0,ITS
2023-07-16,0.0,ITS
2023-07-16,177257351.5,non-ITS
2023-07-17,174815009.6,non-ITS
2023-07-17,0.0,ITS
2023-07-18,172706455.2,non-ITS
2023-07-18,0.0,ITS
2023-07-19,0.0,ITS
2023-07-19,174591031.2,non-ITS
2023-07-20,0.0,ITS
2023-07-20,172965106.4,non-ITS
2023-07-21,0.0,ITS
2023-07-21,172336108.8,non-ITS
2023-07-22,0.0,ITS
2023-07-22,173139375.7,non-ITS
2023-07-23,0.0,ITS
2023-07-23,173276291.9,non-ITS
2023-07-24,173096284.3,non-ITS
2023-07-24,0.0,ITS
2023-07-25,0.0,ITS
2023-07-25,174529355.5,non-ITS
2023-07-26,175929300.7,non-ITS
2023-07-26,0.0,ITS
2023-07-27,0.0,ITS
2023-07-27,173428957.6,non-ITS
2023-07-28,172504811.4,non-ITS
2023-07-28,0.0,ITS
2023-07-29,0.0,ITS
2023-07-29,172181121.4,non-ITS
2023-07-30,0.0,ITS
2023-07-30,170384921.0,non-ITS
2023-07-31,0.0,ITS
2023-07-31,168872323.1,non-ITS
2023-08-01,0.0,ITS
2023-08-01,166873709.7,non-ITS
2023-08-02,168569724.1,non-ITS
2023-08-02,0.0,ITS
2023-08-03,165439471.1,non-ITS
2023-08-03,0.0,ITS
2023-08-04,0.0,ITS
2023-08-04,164626354.7,non-ITS
2023-08-05,164917676.5,non-ITS
2023-08-05,0.0,ITS
2023-08-06,0.0,ITS
2023-08-06,166846655.3,non-ITS
2023-08-07,167643422.4,non-ITS
2023-08-07,0.0,ITS
2023-08-08,0.0,ITS
2023-08-08,169301160.6,non-ITS
2023-08-09,169521699.3,non-ITS
2023-08-09,0.0,ITS
2023-08-10,168942648.8,non-ITS
2023-08-10,0.0,ITS
2023-08-11,0.0,ITS
2023-08-11,170726835.2,non-ITS
2023-08-12,173350458.1,non-ITS
2023-08-12,0.0,ITS
2023-08-13,0.0,ITS
2023-08-13,174978856.6,non-ITS
2023-08-14,0.0,ITS
2023-08-14,176837292.3,non-ITS
2023-08-15,178078320.3,non-ITS
2023-08-15,0.0,ITS
2023-08-16,179407579.1,non-ITS
2023-08-16,0.0,ITS
2023-08-17,0.0,ITS
2023-08-17,187983004.5,non-ITS
2023-08-18,0.0,ITS
2023-08-18,184851518.3,non-ITS
2023-08-19,0.0,ITS
2023-08-19,188553331.9,non-ITS
2023-08-20,0.0,ITS
2023-08-20,190482600.5,non-ITS
2023-08-21,0.0,ITS
2023-08-21,199826855.1,non-ITS
2023-08-22,207893600.0,non-ITS
2023-08-22,0.0,ITS
2023-08-23,188781941.0,non-ITS
2023-08-23,0.0,ITS
2023-08-24,180179732.3,non-ITS
2023-08-24,0.0,ITS
2023-08-25,0.0,ITS
2023-08-25,179928375.0,non-ITS
2023-08-26,0.0,ITS
2023-08-26,176029047.7,non-ITS
2023-08-27,174763206.9,non-ITS
2023-08-27,0.0,ITS
2023-08-28,171115431.0,non-ITS
2023-08-28,0.0,ITS
2023-08-29,0.0,ITS
2023-08-29,171752352.5,non-ITS
2023-08-30,172848910.2,non-ITS
2023-08-30,0.0,ITS
2023-08-31,167510688.8,non-ITS
2023-08-31,0.0,ITS
2023-09-01,0.0,ITS
2023-09-01,167125829.2,non-ITS
2023-09-02,0.0,ITS
2023-09-02,167472250.9,non-ITS
2023-09-03,0.0,ITS
2023-09-03,166831166.6,non-ITS
2023-09-04,166430561.9,non-ITS
2023-09-04,0.0,ITS
2023-09-05,0.0,ITS
2023-09-05,166563208.5,non-ITS
2023-09-06,0.0,ITS
2023-09-06,167818162.6,non-ITS
2023-09-07,164787962.7,non-ITS
2023-09-07,0.0,ITS
2023-09-08,166437811.9,non-ITS
2023-09-08,0.0,ITS
2023-09-09,0.0,ITS
2023-09-09,166846617.3,non-ITS
2023-09-10,0.0,ITS
2023-09-10,165643871.3,non-ITS
2023-09-11,0.0,ITS
2023-09-11,165046788.9,non-ITS
2023-09-12,164557339.1,non-ITS
2023-09-12,0.0,ITS
2023-09-13,165206348.4,non-ITS
2023-09-13,0.0,ITS
2023-09-14,164149702.5,non-ITS
2023-09-14,0.0,ITS
2023-09-15,0.0,ITS
2023-09-15,166086387.3,non-ITS
2023-09-16,166545007.2,non-ITS
2023-09-16,0.0,ITS
2023-09-17,166477532.8,non-ITS
2023-09-17,0.0,ITS
2023-09-18,0.0,ITS
2023-09-18,164215373.9,non-ITS
2023-09-19,0.0,ITS
2023-09-19,162182906.7,non-ITS
2023-09-20,0.0,ITS
2023-09-20,162092399.9,non-ITS
2023-09-21,0.0,ITS
2023-09-21,161754303.1,non-ITS
2023-09-22,0.0,ITS
2023-09-22,162803176.5,non-ITS
2023-09-23,162447400.0,non-ITS
2023-09-23,0.0,ITS
2023-09-24,161193298.5,non-ITS
2023-09-24,0.0,ITS
2023-09-25,0.0,ITS
2023-09-25,159386434.2,non-ITS
2023-09-26,0.0,ITS
2023-09-26,157373703.8,non-ITS
2023-09-27,0.0,ITS
2023-09-27,156916916.5,non-ITS
2023-09-28,0.0,ITS
2023-09-28,158388559.1,non-ITS
2023-09-29,0.0,ITS
2023-09-29,158200046.8,non-ITS
2023-09-30,0.0,ITS
2023-09-30,163359605.5,non-ITS
2023-10-01,162963185.3,non-ITS
2023-10-01,0.0,ITS
2023-10-02,0.0,ITS
2023-10-02,165221456.3,non-ITS
2023-10-03,0.0,ITS
2023-10-03,163698240.5,non-ITS
2023-10-04,0.0,ITS
2023-10-04,161733275.5,non-ITS
2023-10-05,0.0,ITS
2023-10-05,161819459.8,non-ITS
2023-10-06,0.0,ITS
2023-10-06,162794398.3,non-ITS
2023-10-07,162576905.7,non-ITS
2023-10-07,0.0,ITS
2023-10-08,0.0,ITS
2023-10-08,160722480.7,non-ITS
2023-10-09,160131683.4,non-ITS
2023-10-09,0.0,ITS
2023-10-10,0.0,ITS
2023-10-10,162346714.4,non-ITS
2023-10-11,0.0,ITS
2023-10-11,162947182.8,non-ITS
2023-10-12,0.0,ITS
2023-10-12,163243367.8,non-ITS
2023-10-13,0.0,ITS
2023-10-13,160930739.8,non-ITS
2023-10-14,0.0,ITS
2023-10-14,161057039.3,non-ITS
2023-10-15,0.0,ITS
2023-10-15,161389458.1,non-ITS
2023-10-16,161707624.4,non-ITS
2023-10-16,0.0,ITS
2023-10-17,160283519.9,non-ITS
2023-10-17,0.0,ITS
2023-10-18,158643698.1,non-ITS
2023-10-18,0.0,ITS
2023-10-19,0.0,ITS
2023-10-19,156740762.0,non-ITS
2023-10-20,160118838.8,non-ITS
2023-10-20,0.0,ITS
2023-10-21,0.0,ITS
2023-10-21,160229157.1,non-ITS
2023-10-22,0.0,ITS
2023-10-22,161386605.0,non-ITS
2023-10-23,0.0,ITS
2023-10-23,161138600.4,non-ITS
2023-10-24,0.0,ITS
2023-10-24,166010444.3,non-ITS
2023-10-25,166651295.5,non-ITS
2023-10-25,0.0,ITS
2023-10-26,0.0,ITS
2023-10-26,167737663.2,non-ITS
2023-10-27,167308091.6,non-ITS
2023-10-27,0.0,ITS
2023-10-28,167224479.7,non-ITS
2023-10-28,0.0,ITS
2023-10-29,0.0,ITS
2023-10-29,167625837.3,non-ITS
2023-10-30,171414350.4,non-ITS
2023-10-30,0.0,ITS
2023-10-31,176660172.3,non-ITS
2023-10-31,0.0,ITS
2023-11-01,0.0,ITS
2023-11-01,173713487.1,non-ITS
2023-11-02,177686378.6,non-ITS
2023-11-02,0.0,ITS
2023-11-03,176355780.0,non-ITS
2023-11-03,0.0,ITS
2023-11-04,179405304.8,non-ITS
2023-11-04,0.0,ITS
2023-11-05,0.0,ITS
2023-11-05,180790817.0,non-ITS
2023-11-06,178263573.4,non-ITS
2023-11-06,0.0,ITS
2023-11-07,179116690.2,non-ITS
2023-11-07,0.0,ITS
2023-11-08,178811451.6,non-ITS
2023-11-08,0.0,ITS
2023-11-09,183516559.7,non-ITS
2023-11-09,0.0,ITS
2023-11-10,0.0,ITS
2023-11-10,188468489.1,non-ITS
2023-11-11,0.0,ITS
2023-11-11,189240440.4,non-ITS
2023-11-12,0.0,ITS
2023-11-12,189570713.6,non-ITS
2023-11-13,216159068.7,non-ITS
2023-11-13,0.0,ITS
2023-11-14,0.0,ITS
2023-11-14,223390635.8,non-ITS
2023-11-15,0.0,ITS
2023-11-15,222402460.4,non-ITS
2023-11-16,226043497.4,non-ITS
2023-11-16,0.0,ITS
2023-11-17,229313893.7,non-ITS
2023-11-17,0.0,ITS
2023-11-18,0.0,ITS
2023-11-18,229726180.7,non-ITS
2023-11-19,0.0,ITS
2023-11-19,230424168.2,non-ITS
2023-11-20,0.0,ITS
2023-11-20,236517740.0,non-ITS
2023-11-21,234033200.6,non-ITS
2023-11-21,0.0,ITS
2023-11-22,0.0,ITS
2023-11-22,232443889.6,non-ITS
2023-11-23,233779795.6,non-ITS
2023-11-23,0.0,ITS
2023-11-24,0.0,ITS
2023-11-24,233000848.7,non-ITS
2023-11-25,235108650.7,non-ITS
2023-11-25,0.0,ITS
2023-11-26,236161141.4,non-ITS
2023-11-26,0.0,ITS
2023-11-27,0.0,ITS
2023-11-27,235621077.4,non-ITS
2023-11-28,232418882.4,non-ITS
2023-11-28,0.0,ITS
2023-11-29,0.0,ITS
2023-11-29,237489023.8,non-ITS
2023-11-30,235647961.1,non-ITS
2023-11-30,0.0,ITS
2023-12-01,0.0,ITS
2023-12-01,238214109.8,non-ITS
2023-12-02,238879247.0,non-ITS
2023-12-02,0.0,ITS
2023-12-03,239654213.8,non-ITS
2023-12-03,0.0,ITS
2023-12-04,242038519.7,non-ITS
2023-12-04,0.0,ITS
2023-12-05,0.0,ITS
2023-12-05,243309952.5,non-ITS
2023-12-06,242597122.1,non-ITS
2023-12-06,0.0,ITS
2023-12-07,0.0,ITS
2023-12-07,256853766.2,non-ITS
2023-12-08,264699799.9,non-ITS
2023-12-08,0.0,ITS
2023-12-09,263487535.6,non-ITS
2023-12-09,0.0,ITS
2023-12-10,264095105.2,non-ITS
2023-12-10,0.0,ITS
2023-12-11,0.0,ITS
2023-12-11,261833996.0,non-ITS
2023-12-12,0.0,ITS
2023-12-12,271872502.7,non-ITS
2023-12-13,274699872.8,non-ITS
2023-12-13,0.0,ITS
2023-12-14,0.0,ITS
2023-12-14,282417434.3,non-ITS
2023-12-15,285477701.9,non-ITS
2023-12-15,0.0,ITS
2023-12-16,0.0,ITS
2023-12-16,291137975.7,non-ITS
2023-12-17,298085599.3,non-ITS
2023-12-17,0.0,ITS
2023-12-18,289313238.2,non-ITS
2023-12-18,0.0,ITS
2023-12-19,0.0,ITS
2023-12-19,294969480.6,non-ITS
2023-12-20,0.0,ITS
2023-12-20,290787396.4,non-ITS
2023-12-21,0.0,ITS
2023-12-21,297592986.0,non-ITS
2023-12-22,0.0,ITS
2023-12-22,316667289.4,non-ITS
2023-12-23,315138727.6,non-ITS
2023-12-23,0.0,ITS
2023-12-24,0.0,ITS
2023-12-24,312185893.7,non-ITS
2023-12-25,0.0,ITS
2023-12-25,312358191.4,non-ITS
2023-12-26,0.0,ITS
2023-12-26,314674922.5,non-ITS
2023-12-27,0.0,ITS
2023-12-27,317310116.9,non-ITS
2023-12-28,0.0,ITS
2023-12-28,314499164.4,non-ITS
2023-12-29,311486989.1,non-ITS
2023-12-29,0.0,ITS
2023-12-30,311043276.9,non-ITS
2023-12-30,0.0,ITS
2023-12-31,0.0,ITS
2023-12-31,305922310.3,non-ITS
2024-01-01,0.0,ITS
2024-01-01,306139176.7,non-ITS
2024-01-02,304205797.3,non-ITS
2024-01-02,2780911.841,ITS
2024-01-03,298182478.3,non-ITS
2024-01-03,0.0,ITS
2024-01-04,0.0,ITS
2024-01-04,295127840.2,non-ITS
2024-01-05,0.0,ITS
2024-01-05,296908275.7,non-ITS
2024-01-06,294177983.3,non-ITS
2024-01-06,2551056.096,ITS
2024-01-07,294289272.3,non-ITS
2024-01-07,0.0,ITS
2024-01-08,0.0,ITS
2024-01-08,295365983.8,non-ITS
2024-01-09,295276346.1,non-ITS
2024-01-09,0.0,ITS
2024-01-10,0.0,ITS
2024-01-10,289856188.4,non-ITS
2024-01-11,0.0,ITS
2024-01-11,296750989.8,non-ITS
2024-01-12,293192067.6,non-ITS
2024-01-12,0.0,ITS
2024-01-13,288563444.6,non-ITS
2024-01-13,0.0,ITS
2024-01-14,0.0,ITS
2024-01-14,290439455.1,non-ITS
2024-01-15,322585.6488,ITS
2024-01-15,286332582.8,non-ITS
2024-01-16,279094798.0,non-ITS
2024-01-16,293889.9538,ITS
2024-01-17,271264.8404,ITS
2024-01-17,277656644.5,non-ITS
2024-01-18,251320.5244,ITS
2024-01-18,274441628.9,non-ITS
2024-01-19,287611.7616,ITS
2024-01-19,269513731.6,non-ITS
2024-01-20,269696930.8,non-ITS
2024-01-20,294250.6365,ITS
2024-01-21,257980511.1,non-ITS
2024-01-21,297521.9875,ITS
2024-01-22,254406644.3,non-ITS
2024-01-22,3557257.207,ITS
2024-01-23,249705710.7,non-ITS
2024-01-23,3563496.004,ITS
2024-01-24,1315986.387,ITS
2024-01-24,251919087.6,non-ITS
2024-01-25,260984173.8,non-ITS
2024-01-25,3564728.717,ITS
2024-01-26,269145363.6,non-ITS
2024-01-26,1338135.507,ITS
2024-01-27,278799274.8,non-ITS
2024-01-27,1381639.147,ITS
2024-01-28,274644153.8,non-ITS
2024-01-28,3708162.013,ITS
2024-01-29,3682367.222,ITS
2024-01-29,269255290.9,non-ITS
2024-01-30,269403699.4,non-ITS
2024-01-30,3750345.774,ITS
2024-01-31,260135791.8,non-ITS
2024-01-31,1647588.769,ITS
2024-02-01,251327410.3,non-ITS
2024-02-01,3708357.865,ITS
2024-02-02,3701962.357,ITS
2024-02-02,250931111.5,non-ITS
2024-02-03,3683212.244,ITS
2024-02-03,250941354.3,non-ITS
2024-02-04,2367850.535,ITS
2024-02-04,250638053.9,non-ITS
2024-02-05,249265998.3,non-ITS
2024-02-05,3262300.461,ITS
2024-02-06,251900595.6,non-ITS
2024-02-06,6672506.071,ITS
2024-02-07,256820561.7,non-ITS
2024-02-07,1702238.318,ITS
2024-02-08,265539202.9,non-ITS
2024-02-08,1680944.613,ITS
2024-02-09,270500731.8,non-ITS
2024-02-09,3857720.329,ITS
2024-02-10,274677305.6,non-ITS
2024-02-10,3485913.952,ITS
2024-02-11,273538527.7,non-ITS
2024-02-11,3896203.739,ITS
2024-02-12,4536113.456,ITS
2024-02-12,268831946.7,non-ITS
2024-02-13,4567589.706,ITS
2024-02-13,272314166.2,non-ITS
2024-02-14,282177749.1,non-ITS
2024-02-14,4591204.36,ITS
2024-02-15,289757229.1,non-ITS
2024-02-15,4757841.252,ITS
2024-02-16,4569265.374,ITS
2024-02-16,288226271.1,non-ITS
2024-02-17,6459503.154,ITS
2024-02-17,284450745.0,non-ITS
2024-02-18,289251673.5,non-ITS
2024-02-18,2362491.41,ITS
2024-02-19,2432354.291,ITS
2024-02-19,294989813.7,non-ITS
2024-02-20,294464314.1,non-ITS
2024-02-20,4711485.063,ITS
2024-02-21,294620051.9,non-ITS
2024-02-21,2305176.431,ITS
2024-02-22,4669934.159,ITS
2024-02-22,302441686.8,non-ITS
2024-02-23,2222854.048,ITS
2024-02-23,314989718.5,non-ITS
2024-02-24,311712190.4,non-ITS
2024-02-24,4456041.452,ITS
2024-02-25,2569644.177,ITS
2024-02-25,318133165.5,non-ITS
2024-02-26,2535245.677,ITS
2024-02-26,319916052.6,non-ITS
2024-02-27,321599334.0,non-ITS
2024-02-27,4458996.797,ITS
2024-02-28,4747705.959,ITS
2024-02-28,327249441.8,non-ITS
2024-02-29,4726075.047,ITS
2024-02-29,336638713.6,non-ITS
2024-03-01,362831032.1,non-ITS
2024-03-01,4642193.346,ITS
2024-03-02,3316906.394,ITS
2024-03-02,372326364.7,non-ITS
2024-03-03,4711772.269,ITS
2024-03-03,395464104.9,non-ITS
2024-03-04,4720114.452,ITS
2024-03-04,403588391.9,non-ITS
2024-03-05,397677381.0,non-ITS
2024-03-05,4769736.438,ITS
2024-03-06,393608476.7,non-ITS
2024-03-06,4644683.508,ITS
2024-03-07,5205345.129,ITS
2024-03-07,402978292.7,non-ITS
2024-03-08,5273094.038,ITS
2024-03-08,405892119.5,non-ITS
2024-03-09,5219211.648,ITS
2024-03-09,409498968.6,non-ITS
2024-03-10,3795261.951,ITS
2024-03-10,410957296.7,non-ITS
2024-03-11,416706136.7,non-ITS
2024-03-11,5400533.675,ITS
2024-03-12,3874522.252,ITS
2024-03-12,420453288.4,non-ITS
2024-03-13,4124751.938,ITS
2024-03-13,419749653.3,non-ITS
2024-03-14,7573654.818,ITS
2024-03-14,404870860.5,non-ITS
2024-03-15,390676159.0,non-ITS
2024-03-15,5381708.791,ITS
2024-03-16,394637842.1,non-ITS
2024-03-16,4177483.245,ITS
2024-03-17,5486122.059,ITS
2024-03-17,382107668.5,non-ITS
2024-03-18,384378308.0,non-ITS
2024-03-18,5451440.471,ITS
2024-03-19,5103424.546,ITS
2024-03-19,366866316.0,non-ITS
2024-03-20,370601438.6,non-ITS
2024-03-20,5195433.156,ITS
2024-03-21,4250103.87,ITS
2024-03-21,404382395.6,non-ITS
2024-03-22,412571389.8,non-ITS
2024-03-22,6875688.612,ITS
2024-03-23,7174905.454,ITS
2024-03-23,409876380.0,non-ITS
2024-03-24,5763629.667,ITS
2024-03-24,415522469.0,non-ITS
2024-03-25,7910647.856,ITS
2024-03-25,427236482.1,non-ITS
2024-03-26,6359218.856,ITS
2024-03-26,439390031.2,non-ITS
2024-03-27,6220228.547,ITS
2024-03-27,458692384.6,non-ITS
2024-03-28,3981715.91,ITS
2024-03-28,466183781.9,non-ITS
2024-03-29,6415970.259,ITS
2024-03-29,460589837.3,non-ITS
2024-03-30,6362109.86,ITS
2024-03-30,460642198.1,non-ITS
2024-03-31,4209755.038,ITS
2024-03-31,462498126.2,non-ITS
2024-04-01,458750835.6,non-ITS
2024-04-01,6227434.258,ITS
2024-04-02,3836443.535,ITS
2024-04-02,433790381.2,non-ITS
2024-04-03,425858025.8,non-ITS
2024-04-03,5972884.529,ITS
2024-04-04,5948253.296,ITS
2024-04-04,419191264.6,non-ITS
2024-04-05,408641331.1,non-ITS
2024-04-05,3672297.626,ITS
2024-04-06,3650977.477,ITS
2024-04-06,407870742.3,non-ITS
2024-04-07,5910688.631,ITS
2024-04-07,409384053.1,non-ITS
2024-04-08,417435449.0,non-ITS
2024-04-08,8115613.47,ITS
2024-04-09,421372787.5,non-ITS
2024-04-09,6322362.435,ITS
2024-04-10,8955899.054,ITS
2024-04-10,405114414.5,non-ITS
2024-04-11,406405661.4,non-ITS
2024-04-11,8102703.757,ITS
2024-04-12,36156297.26,ITS
2024-04-12,399662285.6,non-ITS
2024-04-13,378257603.8,non-ITS
2024-04-13,30921200.51,ITS
2024-04-14,28994636.48,ITS
2024-04-14,371209018.8,non-ITS
2024-04-15,386224393.5,non-ITS
2024-04-15,28438192.87,ITS
2024-04-16,378425246.4,non-ITS
2024-04-16,27751093.26,ITS
2024-04-17,379335779.4,non-ITS
2024-04-17,24557597.44,ITS
2024-04-18,20849633.93,ITS
2024-04-18,395367674.5,non-ITS
2024-04-19,20582884.1,ITS
2024-04-19,399314496.5,non-ITS
2024-04-20,399863443.7,non-ITS
2024-04-20,21750935.5,ITS
2024-04-21,21131839.6,ITS
2024-04-21,406279611.1,non-ITS
2024-04-22,19714154.24,ITS
2024-04-22,403650582.2,non-ITS
2024-04-23,414506049.1,non-ITS
2024-04-23,19111663.49,ITS
2024-04-24,19963425.83,ITS
2024-04-24,410417284.7,non-ITS
2024-04-25,19264106.2,ITS
2024-04-25,394729375.0,non-ITS
2024-04-26,363276243.4,non-ITS
2024-04-26,18531415.48,ITS
2024-04-27,18943109.48,ITS
2024-04-27,359428043.1,non-ITS
2024-04-28,19674744.75,ITS
2024-04-28,365323018.5,non-ITS
2024-04-29,20379315.6,ITS
2024-04-29,355796035.3,non-ITS
2024-04-30,347760343.4,non-ITS
2024-04-30,39207082.68,ITS
2024-05-01,38769000.64,ITS
2024-05-01,346288088.0,non-ITS
2024-05-02,356776723.9,non-ITS
2024-05-02,40071004.9,ITS
2024-05-03,365719443.5,non-ITS
2024-05-03,40259928.92,ITS
2024-05-04,372893334.0,non-ITS
2024-05-04,40441221.85,ITS
2024-05-05,368471612.2,non-ITS
2024-05-05,40301952.18,ITS
2024-05-06,377142785.3,non-ITS
2024-05-06,42226249.91,ITS
2024-05-07,373816222.3,non-ITS
2024-05-07,40171176.14,ITS
2024-05-08,39918196.28,ITS
2024-05-08,363389436.0,non-ITS
2024-05-09,40166474.59,ITS
2024-05-09,356199164.4,non-ITS
2024-05-10,40823575.4,ITS
2024-05-10,358900020.8,non-ITS
2024-05-11,40126862.17,ITS
2024-05-11,351986732.0,non-ITS
2024-05-12,39951171.36,ITS
2024-05-12,347093480.7,non-ITS
2024-05-13,338215882.9,non-ITS
2024-05-13,40157515.74,ITS
2024-05-14,329917809.0,non-ITS
2024-05-14,42207504.27,ITS
2024-05-15,334876717.0,non-ITS
2024-05-15,41832564.19,ITS
2024-05-16,346480229.4,non-ITS
2024-05-16,42215084.02,ITS
2024-05-17,348855898.0,non-ITS
2024-05-17,42121977.91,ITS
2024-05-18,355257637.5,non-ITS
2024-05-18,38892325.7,ITS
2024-05-19,47665063.56,ITS
2024-05-19,346515162.2,non-ITS
2024-05-20,46164377.29,ITS
2024-05-20,350007442.2,non-ITS
2024-05-21,364931205.5,non-ITS
2024-05-21,50951091.14,ITS
2024-05-22,51902648.12,ITS
2024-05-22,363535361.8,non-ITS
2024-05-23,50672722.47,ITS
2024-05-23,361529002.9,non-ITS
2024-05-24,352307281.2,non-ITS
2024-05-24,51701566.45,ITS
2024-05-25,55141155.43,ITS
2024-05-25,353980834.3,non-ITS
2024-05-26,354692006.0,non-ITS
2024-05-26,55969183.79,ITS
2024-05-27,360767157.9,non-ITS
2024-05-27,56031304.13,ITS
2024-05-28,360590922.3,non-ITS
2024-05-28,57382990.42,ITS
2024-05-29,365913709.0,non-ITS
2024-05-29,56212272.5,ITS
2024-05-30,56985721.58,ITS
2024-05-30,364131413.5,non-ITS
2024-05-31,54987209.37,ITS
2024-05-31,366297248.5,non-ITS
2024-06-01,56949884.81,ITS
2024-06-01,364148441.5,non-ITS
2024-06-02,54627434.35,ITS
2024-06-02,366603229.0,non-ITS
2024-06-03,367193810.7,non-ITS
2024-06-03,57781752.03,ITS
2024-06-04,365277378.8,non-ITS
2024-06-04,60352987.93,ITS
2024-06-05,65396135.16,ITS
2024-06-05,367700033.1,non-ITS
2024-06-06,363003708.1,non-ITS
2024-06-06,65002155.94,ITS
2024-06-07,64826699.34,ITS
2024-06-07,354180755.5,non-ITS
2024-06-08,62947014.52,ITS
2024-06-08,341038131.2,non-ITS
2024-06-09,59582429.06,ITS
2024-06-09,339901479.6,non-ITS
2024-06-10,336514871.6,non-ITS
2024-06-10,61183115.15,ITS
2024-06-11,320208104.6,non-ITS
2024-06-11,57416721.66,ITS
2024-06-12,320326295.4,non-ITS
2024-06-12,125324398.0,ITS
2024-06-13,321295687.3,non-ITS
2024-06-13,138929643.9,ITS
2024-06-14,321158695.8,non-ITS
2024-06-14,119293278.6,ITS
2024-06-15,319856872.5,non-ITS
2024-06-15,115029891.0,ITS
2024-06-16,324268455.3,non-ITS
2024-06-16,112893251.3,ITS
2024-06-17,318487323.1,non-ITS
2024-06-17,108584588.5,ITS
2024-06-18,112652967.4,ITS
2024-06-18,305512004.2,non-ITS
2024-06-19,304237050.9,non-ITS
2024-06-19,116160770.4,ITS
2024-06-20,301244439.4,non-ITS
2024-06-20,113000363.8,ITS
2024-06-21,298579642.8,non-ITS
2024-06-21,109122978.2,ITS
2024-06-22,299397825.0,non-ITS
2024-06-22,114674902.5,ITS
2024-06-23,114299736.9,ITS
2024-06-23,300671334.7,non-ITS
2024-06-24,112062583.9,ITS
2024-06-24,290988714.1,non-ITS
2024-06-25,113532918.7,ITS
2024-06-25,296049159.4,non-ITS
2024-06-26,111360624.0,ITS
2024-06-26,293042064.7,non-ITS
2024-06-27,291386832.2,non-ITS
2024-06-27,111463920.4,ITS
2024-06-28,301257657.1,non-ITS
2024-06-28,110686820.5,ITS
2024-06-29,300804811.6,non-ITS
2024-06-29,110079351.8,ITS
2024-06-30,105756243.8,ITS
2024-06-30,301964311.1,non-ITS
2024-07-01,309482929.7,non-ITS
2024-07-01,122251445.7,ITS
2024-07-02,307265483.5,non-ITS
2024-07-02,120211924.1,ITS
2024-07-03,303868210.1,non-ITS
2024-07-03,119396418.8,ITS
2024-07-04,116406928.7,ITS
2024-07-04,289758443.1,non-ITS
2024-07-05,112311431.9,ITS
2024-07-05,273825552.4,non-ITS
2024-07-06,118171769.7,ITS
2024-07-06,284301903.3,non-ITS
2024-07-07,118702833.7,ITS
2024-07-07,297550704.1,non-ITS
2024-07-08,292141074.0,non-ITS
2024-07-08,117875134.7,ITS
2024-07-09,118868132.1,ITS
2024-07-09,293270732.2,non-ITS
2024-07-10,293515140.3,non-ITS
2024-07-10,122966350.0,ITS
2024-07-11,293211145.4,non-ITS
2024-07-11,126306792.9,ITS
2024-07-12,123529854.0,ITS
2024-07-12,293276034.9,non-ITS
2024-07-13,300561573.3,non-ITS
2024-07-13,123492803.1,ITS
2024-07-14,304407612.7,non-ITS
2024-07-14,127254380.7,ITS
2024-07-15,310406820.3,non-ITS
2024-07-15,132542779.7,ITS
2024-07-16,137614808.9,ITS
2024-07-16,313883693.2,non-ITS
2024-07-17,329723698.4,non-ITS
2024-07-17,143256535.5,ITS
2024-07-18,326944329.6,non-ITS
2024-07-18,142401389.5,ITS
2024-07-19,143801607.3,ITS
2024-07-19,324787890.1,non-ITS
2024-07-20,142941676.3,ITS
2024-07-20,329962936.4,non-ITS
2024-07-21,139724079.7,ITS
2024-07-21,335974965.9,non-ITS
2024-07-22,333501075.8,non-ITS
2024-07-22,139797686.3,ITS
2024-07-23,137639315.1,ITS
2024-07-23,325330654.6,non-ITS
2024-07-24,136928413.5,ITS
2024-07-24,322725911.7,non-ITS
2024-07-25,313603156.8,non-ITS
2024-07-25,130625479.2,ITS
2024-07-26,130774269.8,ITS
2024-07-26,321935620.0,non-ITS
2024-07-27,323749247.3,non-ITS
2024-07-27,129742770.0,ITS
2024-07-28,322989479.2,non-ITS
2024-07-28,126461009.0,ITS
2024-07-29,323896017.5,non-ITS
2024-07-29,128878472.8,ITS
2024-07-30,315666358.5,non-ITS
2024-07-30,123913324.3,ITS
2024-07-31,123426491.5,ITS
2024-07-31,311695636.7,non-ITS
2024-08-01,125812778.0,ITS
2024-08-01,302951468.4,non-ITS
2024-08-02,304436270.9,non-ITS
2024-08-02,122184688.8,ITS
2024-08-03,293029361.4,non-ITS
2024-08-03,116475629.5,ITS
2024-08-04,113044028.6,ITS
2024-08-04,285038067.4,non-ITS
2024-08-05,101642339.3,ITS
2024-08-05,254437573.3,non-ITS
2024-08-06,264502680.0,non-ITS
2024-08-06,107248447.7,ITS
2024-08-07,106088347.6,ITS
2024-08-07,267824092.8,non-ITS
2024-08-08,270108731.1,non-ITS
2024-08-08,106583126.1,ITS
2024-08-09,109021508.3,ITS
2024-08-09,283009063.2,non-ITS
2024-08-10,280784732.6,non-ITS
2024-08-10,110043053.2,ITS
2024-08-11,280176974.8,non-ITS
2024-08-11,109888250.5,ITS
2024-08-12,107278947.2,ITS
2024-08-12,276497720.0,non-ITS
2024-08-13,278775672.9,non-ITS
2024-08-13,109229108.5,ITS
2024-08-14,279552306.4,non-ITS
2024-08-14,116166365.8,ITS
2024-08-15,270463117.8,non-ITS
2024-08-15,113363800.7,ITS
2024-08-16,107857001.3,ITS
2024-08-16,269405055.4,non-ITS
2024-08-17,106393038.3,ITS
2024-08-17,270769632.4,non-ITS
2024-08-18,109499576.5,ITS
2024-08-18,271410081.2,non-ITS
2024-08-19,104984372.0,ITS
2024-08-19,270504774.1,non-ITS
2024-08-20,107665140.7,ITS
2024-08-20,272446562.9,non-ITS
2024-08-21,283998927.9,non-ITS
2024-08-21,104508953.5,ITS
2024-08-22,106989464.1,ITS
2024-08-22,288210997.1,non-ITS
2024-08-23,294874405.1,non-ITS
2024-08-23,108143540.8,ITS
2024-08-24,308100881.6,non-ITS
2024-08-24,109626270.2,ITS
2024-08-25,306899319.6,non-ITS
2024-08-25,108191640.7,ITS
2024-08-26,106257845.3,ITS
2024-08-26,301416090.8,non-ITS
2024-08-27,292711998.2,non-ITS
2024-08-27,105755990.8,ITS
2024-08-28,101210670.3,ITS
2024-08-28,282928214.2,non-ITS
2024-08-29,284681213.7,non-ITS
2024-08-29,100320388.2,ITS
2024-08-30,280229493.8,non-ITS
2024-08-30,97229556.71,ITS
2024-08-31,277891615.5,non-ITS
2024-08-31,96444782.8,ITS
2024-09-01,274339982.5,non-ITS
2024-09-01,97343091.4,ITS
2024-09-02,272187625.0,non-ITS
2024-09-02,97031194.8,ITS
2024-09-03,273203169.3,non-ITS
2024-09-03,96866971.38,ITS
2024-09-04,91863415.43,ITS
2024-09-04,267848281.2,non-ITS
2024-09-05,89027885.59,ITS
2024-09-05,265984585.3,non-ITS
2024-09-06,85641881.27,ITS
2024-09-06,262333341.5,non-ITS
2024-09-07,118676660.5,ITS
2024-09-07,260086289.2,non-ITS
2024-09-08,260601828.7,non-ITS
2024-09-08,120215697.0,ITS
2024-09-09,120765869.6,ITS
2024-09-09,262852836.1,non-ITS
2024-09-10,124732096.4,ITS
2024-09-10,265240664.2,non-ITS
2024-09-11,264656186.3,non-ITS
2024-09-11,126582840.5,ITS
2024-09-12,264153745.1,non-ITS
2024-09-12,133609512.9,ITS
2024-09-13,267745933.8,non-ITS
2024-09-13,136348318.8,ITS
2024-09-14,272721501.4,non-ITS
2024-09-14,137754300.1,ITS
2024-09-15,140908211.1,ITS
2024-09-15,271073006.2,non-ITS
2024-09-16,265658449.7,non-ITS
2024-09-16,133799740.0,ITS
2024-09-17,268946144.9,non-ITS
2024-09-17,134482060.3,ITS
2024-09-18,138133647.8,ITS
2024-09-18,272541008.1,non-ITS
2024-09-19,142983986.7,ITS
2024-09-19,279108337.5,non-ITS
2024-09-20,282151949.6,non-ITS
2024-09-20,146763137.4,ITS
2024-09-21,283119383.5,non-ITS
2024-09-21,146168337.4,ITS
2024-09-22,285870559.6,non-ITS
2024-09-22,150343449.5,ITS
2024-09-23,293548278.4,non-ITS
2024-09-23,155879313.9,ITS
2024-09-24,153589221.1,ITS
2024-09-24,294168710.4,non-ITS
2024-09-25,155693415.0,ITS
2024-09-25,297069265.8,non-ITS
2024-09-26,300106912.4,non-ITS
2024-09-26,155363483.4,ITS
2024-09-27,158250430.5,ITS
2024-09-27,308424053.8,non-ITS
2024-09-28,305582995.8,non-ITS
2024-09-28,157539622.6,ITS
2024-09-29,302092423.4,non-ITS
2024-09-29,155689104.3,ITS
2024-09-30,153468965.8,ITS
2024-09-30,296715165.0,non-ITS
2024-10-01,289063779.8,non-ITS
2024-10-01,148519415.7,ITS
2024-10-02,141542033.6,ITS
2024-10-02,280714593.9,non-ITS
2024-10-03,138479277.8,ITS
2024-10-03,281307800.4,non-ITS
2024-10-04,137827057.3,ITS
2024-10-04,281871841.3,non-ITS
2024-10-05,287151290.5,non-ITS
2024-10-05,141108478.7,ITS
2024-10-06,139092039.6,ITS
2024-10-06,285641283.2,non-ITS
2024-10-07,142114671.5,ITS
2024-10-07,286647711.0,non-ITS
2024-10-08,140878633.7,ITS
2024-10-08,280229260.6,non-ITS
2024-10-09,276927019.1,non-ITS
2024-10-09,142361172.9,ITS
2024-10-10,260523552.2,non-ITS
2024-10-10,140017481.9,ITS
2024-10-11,142209766.4,ITS
2024-10-11,264483501.5,non-ITS
2024-10-12,143510533.2,ITS
2024-10-12,280639342.3,non-ITS
2024-10-13,282216744.2,non-ITS
2024-10-13,142098696.3,ITS
2024-10-14,143342046.5,ITS
2024-10-14,283673934.6,non-ITS
2024-10-15,142819998.9,ITS
2024-10-15,286887183.4,non-ITS
2024-10-16,140202913.2,ITS
2024-10-16,286239660.4,non-ITS
2024-10-17,284218680.4,non-ITS
2024-10-17,137006682.4,ITS
2024-10-18,138562216.6,ITS
2024-10-18,284378355.3,non-ITS
2024-10-19,285352618.0,non-ITS
2024-10-19,140477190.3,ITS
2024-10-20,292489076.6,non-ITS
2024-10-20,140138287.6,ITS
2024-10-21,142192524.4,ITS
2024-10-21,293297515.2,non-ITS
2024-10-22,294150166.5,non-ITS
2024-10-22,137570652.1,ITS
2024-10-23,132248465.9,ITS
2024-10-23,288979506.7,non-ITS
2024-10-24,130776436.6,ITS
2024-10-24,286339457.6,non-ITS
2024-10-25,282537606.1,non-ITS
2024-10-25,130437863.6,ITS
2024-10-26,124952500.9,ITS
2024-10-26,272375662.0,non-ITS
2024-10-27,268081660.4,non-ITS
2024-10-27,130298941.3,ITS
2024-10-28,266218821.7,non-ITS
2024-10-28,129646633.7,ITS
2024-10-29,133560444.1,ITS
2024-10-29,275114227.5,non-ITS
2024-10-30,280801153.3,non-ITS
2024-10-30,135069529.1,ITS
2024-10-31,271961299.8,non-ITS
2024-10-31,131043119.7,ITS
2024-11-01,262272640.2,non-ITS
2024-11-01,127742560.2,ITS
2024-11-02,259152991.6,non-ITS
2024-11-02,126092842.6,ITS
2024-11-03,123402522.4,ITS
2024-11-03,247143336.0,non-ITS
2024-11-04,122727000.9,ITS
2024-11-04,248481010.7,non-ITS
2024-11-05,123166879.7,ITS
2024-11-05,244298773.1,non-ITS
2024-11-06,254929389.5,non-ITS
2024-11-06,129239530.9,ITS
2024-11-07,137585562.1,ITS
2024-11-07,263142523.7,non-ITS
2024-11-08,264234596.3,non-ITS
2024-11-08,140897587.3,ITS
2024-11-09,143925443.6,ITS
2024-11-09,267272875.7,non-ITS
2024-11-10,278950489.2,non-ITS
2024-11-10,148762513.9,ITS
2024-11-11,152699707.9,ITS
2024-11-11,280229241.1,non-ITS
2024-11-12,158907171.7,ITS
2024-11-12,283231197.4,non-ITS
2024-11-13,148880354.6,ITS
2024-11-13,271730386.8,non-ITS
2024-11-14,268034393.7,non-ITS
2024-11-14,141311479.4,ITS
2024-11-15,261554826.0,non-ITS
2024-11-15,142168711.4,ITS
2024-11-16,270778466.3,non-ITS
2024-11-16,146047525.4,ITS
2024-11-17,278433571.9,non-ITS
2024-11-17,147635386.8,ITS
2024-11-18,282771672.1,non-ITS
2024-11-18,151421133.6,ITS
2024-11-19,158695264.0,ITS
2024-11-19,279198689.8,non-ITS
2024-11-20,271207725.3,non-ITS
2024-11-20,156872166.6,ITS
2024-11-21,272368259.9,non-ITS
2024-11-21,155485668.9,ITS
2024-11-22,274057467.0,non-ITS
2024-11-22,158474304.7,ITS
2024-11-23,286021913.1,non-ITS
2024-11-23,163747550.1,ITS
2024-11-24,161573506.2,ITS
2024-11-24,292044568.5,non-ITS
2024-11-25,159600002.9,ITS
2024-11-25,298566909.9,non-ITS
2024-11-26,159796104.0,ITS
2024-11-26,294770314.4,non-ITS
2024-11-27,165451796.8,ITS
2024-11-27,304040296.3,non-ITS
2024-11-28,317816198.3,non-ITS
2024-11-28,175566609.8,ITS
2024-11-29,325642348.2,non-ITS
2024-11-29,175748763.5,ITS
2024-11-30,185713639.1,ITS
2024-11-30,336389959.0,non-ITS
2024-12-01,196042307.0,ITS
2024-12-01,343741014.0,non-ITS
2024-12-02,341729057.5,non-ITS
2024-12-02,193175691.6,ITS
2024-12-03,351405909.7,non-ITS
2024-12-03,195551419.9,ITS
2024-12-04,363179169.1,non-ITS
2024-12-04,199112694.2,ITS
2024-12-05,200960872.4,ITS
2024-12-05,357904096.6,non-ITS
2024-12-06,364398984.3,non-ITS
2024-12-06,205308766.6,ITS
2024-12-07,211747451.7,ITS
2024-12-07,362350951.3,non-ITS
2024-12-08,358174552.0,non-ITS
2024-12-08,215744272.8,ITS
2024-12-09,342004605.4,non-ITS
2024-12-09,212536863.0,ITS
2024-12-10,319637650.8,non-ITS
2024-12-10,196644154.8,ITS
2024-12-11,200506621.3,ITS
2024-12-11,326935587.3,non-ITS
2024-12-12,341510477.5,non-ITS
2024-12-12,212246418.1,ITS
2024-12-13,203145236.6,ITS
2024-12-13,337594903.9,non-ITS
2024-12-14,205636376.6,ITS
2024-12-14,336917269.4,non-ITS
2024-12-15,203744038.7,ITS
2024-12-15,337617337.4,non-ITS
2024-12-16,208476145.8,ITS
2024-12-16,342325568.8,non-ITS
2024-12-17,338163458.5,non-ITS
2024-12-17,269722345.6,ITS
2024-12-18,254780835.5,ITS
2024-12-18,327974468.9,non-ITS
2024-12-19,307561201.8,non-ITS
2024-12-19,242335170.2,ITS
2024-12-20,291974042.8,non-ITS
2024-12-20,230428142.7,ITS
2024-12-21,238437612.6,ITS
2024-12-21,299298202.9,non-ITS
2024-12-22,293336331.5,non-ITS
2024-12-22,228347615.2,ITS
2024-12-23,292877587.0,non-ITS
2024-12-23,224181995.4,ITS
2024-12-24,242268021.3,ITS
2024-12-24,300516144.1,non-ITS
2024-12-25,245960326.2,ITS
2024-12-25,305340394.3,non-ITS
2024-12-26,293708636.3,non-ITS
2024-12-26,226468818.2,ITS
2024-12-27,289434634.0,non-ITS
2024-12-27,225244693.9,ITS
2024-12-28,287798156.9,non-ITS
2024-12-28,220199637.3,ITS
2024-12-29,290847245.6,non-ITS
2024-12-29,225815212.1,ITS
2024-12-30,227694731.9,ITS
2024-12-30,284960571.4,non-ITS
2024-12-31,231101835.6,ITS
2024-12-31,281996460.8,non-ITS
2025-01-01,278596627.7,non-ITS
2025-01-01,222441619.4,ITS
2025-01-02,286097871.7,non-ITS
2025-01-02,228534310.1,ITS
2025-01-03,292048355.9,non-ITS
2025-01-03,231696996.9,ITS
2025-01-04,235682740.3,ITS
2025-01-04,299966150.4,non-ITS
2025-01-05,234328115.9,ITS
2025-01-05,300202078.4,non-ITS
2025-01-06,299902057.0,non-ITS
2025-01-06,234741650.7,ITS
2025-01-07,294663319.3,non-ITS
2025-01-07,240881861.6,ITS
2025-01-08,276354313.5,non-ITS
2025-01-08,224607510.4,ITS
2025-01-09,213664422.0,ITS
2025-01-09,271883467.0,non-ITS
2025-01-10,269213724.2,non-ITS
2025-01-10,208877346.2,ITS
2025-01-11,208208749.9,ITS
2025-01-11,268860431.8,non-ITS
2025-01-12,269529430.3,non-ITS
2025-01-12,207844736.7,ITS
2025-01-13,199026728.6,ITS
2025-01-13,257708388.6,non-ITS
2025-01-14,201062222.7,ITS
2025-01-14,260113621.0,non-ITS
2025-01-15,206990550.8,ITS
2025-01-15,265387691.3,non-ITS
2025-01-16,213214679.8,ITS
2025-01-16,271617316.5,non-ITS
2025-01-17,278957497.3,non-ITS
2025-01-17,216124363.5,ITS
2025-01-18,274415032.6,non-ITS
2025-01-18,211188473.4,ITS
2025-01-19,198231677.0,ITS
2025-01-19,270718096.0,non-ITS
2025-01-20,266526993.3,non-ITS
2025-01-20,192437579.4,ITS
2025-01-21,188998346.0,ITS
2025-01-21,263644585.0,non-ITS
2025-01-22,197482760.8,ITS
2025-01-22,265109350.1,non-ITS
2025-01-23,196045839.1,ITS
2025-01-23,257477610.6,non-ITS
2025-01-24,267422158.8,non-ITS
2025-01-24,197083019.5,ITS
2025-01-25,188996307.8,ITS
2025-01-25,265540512.7,non-ITS
2025-01-26,185470942.4,ITS
2025-01-26,266254244.2,non-ITS
2025-01-27,170632604.6,ITS
2025-01-27,251463124.0,non-ITS
2025-01-28,251105668.6,non-ITS
2025-01-28,172497500.4,ITS
2025-01-29,169216828.6,ITS
2025-01-29,247202284.1,non-ITS
2025-01-30,252495643.9,non-ITS
2025-01-30,173742338.1,ITS
2025-01-31,259775118.1,non-ITS
2025-01-31,174922043.2,ITS
2025-02-01,254328421.6,non-ITS
2025-02-01,794400569.6,ITS
2025-02-02,781692843.2,ITS
2025-02-02,244134554.3,non-ITS
2025-02-03,763510873.7,ITS
2025-02-03,220234656.1,non-ITS
2025-02-04,769516130.3,ITS
2025-02-04,224943965.1,non-ITS
2025-02-05,765040150.4,ITS
2025-02-05,223564372.9,non-ITS
2025-02-06,761458623.2,ITS
2025-02-06,221781924.1,non-ITS
2025-02-07,760947183.1,ITS
2025-02-07,221066437.0,non-ITS
2025-02-08,764816003.5,ITS
2025-02-08,217101288.1,non-ITS
2025-02-09,225437865.4,non-ITS
2025-02-09,764774207.3,ITS
2025-02-10,223441047.2,non-ITS
2025-02-10,764167457.7,ITS
2025-02-11,230899534.6,non-ITS
2025-02-11,765900705.4,ITS
2025-02-12,231032238.3,non-ITS
2025-02-12,765861588.9,ITS
2025-02-13,765431396.1,ITS
2025-02-13,232895097.0,non-ITS
2025-02-14,232724296.6,non-ITS
2025-02-14,766499170.6,ITS
2025-02-15,233786746.7,non-ITS
2025-02-15,765096435.5,ITS
2025-02-16,762384404.8,ITS
2025-02-16,231171216.0,non-ITS
2025-02-17,230162154.7,non-ITS
2025-02-17,760066994.7,ITS
2025-02-18,756015576.2,ITS
2025-02-18,227664062.0,non-ITS
2025-02-19,754247974.1,ITS
2025-02-19,226509141.4,non-ITS
2025-02-20,756222304.0,ITS
2025-02-20,230389726.3,non-ITS
2025-02-21,757022970.0,ITS
2025-02-21,231026817.5,non-ITS
2025-02-22,758716581.7,ITS
2025-02-22,227723577.5,non-ITS
2025-02-23,231011512.2,non-ITS
2025-02-23,759193090.1,ITS
2025-02-24,217021422.5,non-ITS
2025-02-24,753691806.9,ITS
2025-02-25,743186870.0,ITS
2025-02-25,204825657.9,non-ITS
2025-02-26,205303243.0,non-ITS
2025-02-26,744053817.1,ITS
2025-02-27,206586911.8,non-ITS
2025-02-27,746965474.7,ITS
2025-02-28,742259986.0,ITS
2025-02-28,202231953.9,non-ITS
2025-03-01,750487498.5,ITS
2025-03-01,204028087.3,non-ITS
2025-03-02,206636245.1,non-ITS
2025-03-02,750626003.4,ITS
2025-03-03,754395433.9,ITS
2025-03-03,207912676.9,non-ITS
2025-03-04,739158063.0,ITS
2025-03-04,194489340.6,non-ITS
2025-03-05,743638102.8,ITS
2025-03-05,202444095.5,non-ITS
2025-03-06,210421109.6,non-ITS
2025-03-06,744433501.6,ITS
2025-03-07,739322736.2,ITS
2025-03-07,205665567.5,non-ITS
2025-03-08,740364297.9,ITS
2025-03-08,204233660.3,non-ITS
2025-03-09,734291562.1,ITS
2025-03-09,199777697.7,non-ITS
2025-03-10,196937221.4,non-ITS
2025-03-10,727215983.8,ITS
2025-03-11,726076300.7,ITS
2025-03-11,191084096.7,non-ITS
2025-03-12,193802418.4,non-ITS
2025-03-12,731289686.6,ITS
2025-03-13,194042953.5,non-ITS
2025-03-13,736669157.3,ITS
2025-03-14,197398099.3,non-ITS
2025-03-14,735469762.4,ITS
2025-03-15,737244964.5,ITS
2025-03-15,202339755.3,non-ITS
2025-03-16,735342896.5,ITS
2025-03-16,203806222.6,non-ITS
2025-03-17,205846330.4,non-ITS
2025-03-17,734250613.9,ITS
2025-03-18,733454181.9,ITS
2025-03-18,203238984.3,non-ITS
2025-03-19,203125666.7,non-ITS
2025-03-19,734611146.8,ITS
2025-03-20,736377956.8,ITS
2025-03-20,203021063.3,non-ITS
2025-03-21,202874284.7,non-ITS
2025-03-21,742269669.8,ITS
2025-03-22,744177951.4,ITS
2025-03-22,204866457.0,non-ITS
2025-03-23,204118404.0,non-ITS
2025-03-23,748045969.3,ITS
2025-03-24,204381292.4,non-ITS
2025-03-24,750739700.0,ITS
2025-03-25,208271735.4,non-ITS
2025-03-25,751188251.8,ITS
2025-03-26,752175122.3,ITS
2025-03-26,211889364.4,non-ITS
2025-03-27,749861653.7,ITS
2025-03-27,211269949.6,non-ITS
2025-03-28,746319754.2,ITS
2025-03-28,203154388.5,non-ITS
2025-03-29,741334466.4,ITS
2025-03-29,195258032.7,non-ITS
2025-03-30,192974453.8,non-ITS
2025-03-30,739002983.8,ITS
2025-03-31,193278723.9,non-ITS
2025-03-31,735722409.7,ITS
2025-04-01,197400417.1,non-ITS
2025-04-01,741222526.8,ITS
2025-04-02,195017302.2,non-ITS
2025-04-02,740640548.7,ITS
2025-04-03,192420059.4,non-ITS
2025-04-03,735591619.8,ITS
2025-04-04,192511381.1,non-ITS
2025-04-04,736487620.3,ITS
2025-04-05,737706608.1,ITS
2025-04-05,191857693.4,non-ITS
2025-04-06,735550775.3,ITS
2025-04-06,187999238.3,non-ITS
2025-04-07,724675683.1,ITS
2025-04-07,179312534.6,non-ITS
2025-04-08,729662334.8,ITS
2025-04-08,181442044.4,non-ITS
2025-04-09,729425807.5,ITS
2025-04-09,178175024.0,non-ITS
2025-04-10,735737845.2,ITS
2025-04-10,178791287.2,non-ITS
2025-04-11,178877524.0,non-ITS
2025-04-11,737360020.5,ITS
2025-04-12,181508583.2,non-ITS
2025-04-12,736033332.1,ITS
2025-04-13,181473602.8,non-ITS
2025-04-13,737182519.2,ITS
2025-04-14,736539799.7,ITS
2025-04-14,180292303.5,non-ITS
2025-04-15,735947791.3,ITS
2025-04-15,179631067.5,non-ITS
2025-04-16,178679970.5,non-ITS
2025-04-16,733251283.7,ITS
2025-04-17,732087898.0,ITS
2025-04-17,178594303.5,non-ITS
2025-04-18,732296493.6,ITS
2025-04-18,179270192.4,non-ITS
2025-04-19,180053144.1,non-ITS
2025-04-19,733035010.7,ITS
2025-04-20,179697556.6,non-ITS
2025-04-20,732773196.6,ITS
2025-04-21,734755267.9,ITS
2025-04-21,182099631.9,non-ITS
2025-04-22,182196988.6,non-ITS
2025-04-22,735902160.9,ITS
2025-04-23,186077279.0,non-ITS
2025-04-23,740995598.5,ITS
2025-04-24,743103300.0,ITS
2025-04-24,186967596.9,non-ITS
2025-04-25,746005769.5,ITS
2025-04-25,192004766.4,non-ITS
2025-04-26,194364679.8,non-ITS
2025-04-26,747697389.7,ITS
2025-04-27,745197151.7,ITS
2025-04-27,193936047.3,non-ITS
2025-04-28,743977083.3,ITS
2025-04-28,192214471.1,non-ITS
2025-04-29,193811884.1,non-ITS
2025-04-29,747667451.1,ITS
2025-04-30,746773125.7,ITS
2025-04-30,196757812.9,non-ITS
2025-05-01,770088142.3,ITS
2025-05-01,195707163.4,non-ITS
2025-05-02,196115078.4,non-ITS
2025-05-02,775854224.7,ITS
2025-05-03,771542859.0,ITS
2025-05-03,191638098.4,non-ITS
2025-05-04,764304188.1,ITS
2025-05-04,189668881.1,non-ITS
2025-05-05,771828092.3,ITS
2025-05-05,187989491.2,non-ITS
2025-05-06,185318437.0,non-ITS
2025-05-06,769057442.7,ITS
2025-05-07,186709660.7,non-ITS
2025-05-07,772818526.1,ITS
2025-05-08,784908036.9,ITS
2025-05-08,193563123.7,non-ITS
2025-05-09,204039581.8,non-ITS
2025-05-09,792969928.0,ITS
2025-05-10,212826775.1,non-ITS
2025-05-10,796069763.0,ITS
2025-05-11,801302737.1,ITS
2025-05-11,221265364.5,non-ITS
2025-05-12,218497370.7,non-ITS
2025-05-12,807972082.3,ITS
2025-05-13,819870861.0,ITS
2025-05-13,217730720.6,non-ITS
2025-05-14,827125189.7,ITS
2025-05-14,218596450.9,non-ITS
2025-05-15,213484126.0,non-ITS
2025-05-15,836383643.8,ITS
2025-05-16,832993944.9,ITS
2025-05-16,213079889.6,non-ITS
2025-05-17,833741767.4,ITS
2025-05-17,208806894.5,non-ITS
2025-05-18,211892770.3,non-ITS
2025-05-18,835936290.3,ITS
2025-05-19,207973615.3,non-ITS
2025-05-19,830964127.8,ITS
2025-05-20,861583246.4,ITS
2025-05-20,210249983.4,non-ITS
2025-05-21,873061625.6,ITS
2025-05-21,211497661.9,non-ITS
2025-05-22,215602866.7,non-ITS
2025-05-22,884377113.8,ITS
2025-05-23,885542743.9,ITS
2025-05-23,214085861.6,non-ITS
2025-05-24,207756900.7,non-ITS
2025-05-24,883483412.9,ITS
2025-05-25,879449080.6,ITS
2025-05-25,203369833.7,non-ITS
2025-05-26,891635998.7,ITS
2025-05-26,207118871.1,non-ITS
2025-05-27,205291126.9,non-ITS
2025-05-27,897408058.0,ITS
2025-05-28,203574257.7,non-ITS
2025-05-28,890655900.9,ITS
2025-05-29,888140144.6,ITS
2025-05-29,203419001.3,non-ITS
2025-05-30,198450748.0,non-ITS
2025-05-30,886888328.2,ITS
2025-05-31,194045400.6,non-ITS
2025-05-31,875553501.9,ITS
2025-06-01,196592586.3,non-ITS
2025-06-01,872086939.8,ITS
2025-06-02,197811088.7,non-ITS
2025-06-02,869381165.1,ITS
2025-06-03,870434155.0,ITS
2025-06-03,202373565.6,non-ITS
2025-06-04,201052547.4,non-ITS
2025-06-04,876992771.2,ITS
2025-06-05,199000114.5,non-ITS
2025-06-05,874364388.2,ITS
2025-06-06,194561520.2,non-ITS
2025-06-06,871376537.5,ITS
2025-06-07,873143462.8,ITS
2025-06-07,195572763.4,non-ITS
2025-06-08,872823941.8,ITS
2025-06-08,198451844.6,non-ITS
2025-06-09,198504237.4,non-ITS
2025-06-09,870608264.5,ITS
2025-06-10,873423356.5,ITS
2025-06-10,236051041.8,non-ITS
2025-06-11,873762544.7,ITS
2025-06-11,243929945.7,non-ITS
2025-06-12,866439406.3,ITS
2025-06-12,240792241.4,non-ITS
2025-06-13,227931602.5,non-ITS
2025-06-13,848806867.4,ITS
2025-06-14,228578169.0,non-ITS
2025-06-14,851735528.3,ITS
2025-06-15,230636897.0,non-ITS
2025-06-15,853209507.0,ITS
2025-06-16,229833600.4,non-ITS
2025-06-16,851419818.8,ITS
2025-06-17,842266939.3,ITS
2025-06-17,225747098.9,non-ITS
2025-06-18,221520105.6,non-ITS
2025-06-18,835729037.6,ITS
2025-06-19,841352198.5,ITS
2025-06-19,221132600.1,non-ITS
2025-06-20,220556434.6,non-ITS
2025-06-20,836486001.1,ITS
2025-06-21,836695850.5,ITS
2025-06-21,217691316.3,non-ITS
2025-06-22,208484933.8,non-ITS
2025-06-22,824659766.3,ITS
2025-06-23,211956414.1,non-ITS
2025-06-23,820796720.4,ITS
2025-06-24,210597721.7,non-ITS
2025-06-24,805256884.4,ITS
2025-06-25,206104746.7,non-ITS
2025-06-25,786390905.6,ITS
2025-06-26,206611771.8,non-ITS
2025-06-26,793024926.9,ITS
2025-06-27,207118796.8,non-ITS
2025-06-27,799658948.2,ITS
2025-06-28,198625821.9,non-ITS
2025-06-28,791792969.5,ITS
2025-06-29,208132846.9,non-ITS
2025-06-29,812926990.7,ITS
2025-06-30,208639872.0,non-ITS
2025-06-30,819561012.0,ITS
2025-07-01,209146897.0,non-ITS
2025-07-01,826195033.3,ITS
2025-07-02,209653922.1,non-ITS
2025-07-02,832829054.5,ITS
2025-07-03,208160947.1,non-ITS
2025-07-03,828463075.8,ITS
2025-07-04,210667972.2,non-ITS
2025-07-04,846097097.1,ITS
2025-07-05,211174997.2,non-ITS
2025-07-05,852731118.3,ITS
2025-07-06,211682022.3,non-ITS
2025-07-06,859365139.6,ITS
2025-07-07,212189047.3,non-ITS
2025-07-07,865999160.9,ITS
2025-07-08,198696072.4,non-ITS
2025-07-08,837633182.2,ITS
2025-07-09,213203097.4,non-ITS
2025-07-09,879267203.4,ITS
2025-07-10,213710122.5,non-ITS
2025-07-10,885901224.7,ITS
2025-07-11,214217147.5,non-ITS
2025-07-11,892535246.0,ITS
2025-07-12,214724172.6,non-ITS
2025-07-12,899169267.2,ITS
2025-07-13,227231197.6,non-ITS
2025-07-13,906803288.5,ITS
2025-07-14,215738222.7,non-ITS
2025-07-14,912437309.8,ITS
2025-07-15,216245247.7,non-ITS
2025-07-15,919071331.0,ITS
2025-07-16,216752272.8,non-ITS
2025-07-16,925705352.3,ITS
2025-07-17,217259297.8,non-ITS
2025-07-17,932339373.6,ITS
2025-07-18,209766322.9,non-ITS
2025-07-18,918973394.9,ITS
2025-07-19,218273347.9,non-ITS
2025-07-19,945607416.1,ITS
2025-07-20,218780373.0,non-ITS
2025-07-20,952241437.4,ITS
2025-07-21,219287398.0,non-ITS
2025-07-21,958875458.7,ITS
2025-07-22,219794423.1,non-ITS
2025-07-22,965509479.9,ITS
2025-07-23,223301448.1,non-ITS
2025-07-23,979643501.2,ITS
2025-07-24,220301448.1,non-ITS
2025-07-24,972143501.2,ITS
2025-07-25,225402351.9,non-ITS
2025-07-25,991879067.6,ITS
2025-07-26,225801948.21,non-ITS
2025-07-26,993257564.97,ITS
2025-07-27,226464206.94,non-ITS
2025-07-27,988724130.81,ITS
2025-07-28,227203575.95,non-ITS
2025-07-28,1065951742.43,ITS
2025-07-29,216386864.98,non-ITS
2025-07-29,1072551680.55,ITS
2025-07-30,215291994.87,non-ITS
2025-07-30,987764246.05,ITS
2025-07-31,214824940.87,non-ITS
2025-07-31,972615959.05,ITS
2025-08-01,205330244.59,non-ITS
2025-08-01,986007968.55,ITS
2025-08-02,181914572.68,non-ITS
2025-08-02,945324902.45,ITS
2025-08-03,198193438.41,non-ITS
2025-08-03,937679551.17,ITS
2025-08-04,198945677.42,non-ITS
2025-08-04,945956734.3,ITS
2025-08-05,956590918.17,ITS
2025-08-05,207001538.83,non-ITS
2025-08-06,199366302.51,non-ITS
2025-08-06,936046206.67,ITS
2025-08-07,182871587.39,non-ITS
2025-08-07,948123323.96,ITS
2025-08-08,108353053.41,non-ITS
2025-08-08,957735304.81,ITS
2025-08-09,211076043.18,non-ITS
2025-08-09,956770284.72,ITS
2025-08-10,217683496.51,non-ITS
2025-08-10,961915775.43,ITS
2025-08-11,1067990461.65,ITS
2025-08-11,221176182.19,non-ITS
2025-08-12,211967306.65,non-ITS
2025-08-12,953151625.08,ITS
2025-08-13,217070294.62,non-ITS
2025-08-13,954281631.27,ITS
2025-08-14,229100268.94,non-ITS
2025-08-14,948226718.46,ITS
2025-08-15,215727623.15,non-ITS
2025-08-15,1055895282.26,ITS
2025-08-16,212323382.22,non-ITS
2025-08-16,1032071241.47,ITS
2025-08-17,213490938.1,non-ITS
2025-08-17,1027635947.71,ITS
2025-08-18,185296452.33,non-ITS
2025-08-18,925415103.17,ITS
2025-08-19,206130125.66,non-ITS
2025-08-19,922541927.2,ITS
2025-08-20,193759409.75,non-ITS
2025-08-20,916952045.08,ITS
2025-08-21,204435032.23,non-ITS
2025-08-21,937242101.03,ITS
2025-08-22,201086303.6,non-ITS
2025-08-22,932973185.98,ITS
2025-08-23,214258719.32,non-ITS
2025-08-23,1060039249.48,ITS
2025-08-24,212849530.4,non-ITS
2025-08-24,948861527.49,ITS
2025-08-25,1086327614.98,ITS
2025-08-25,211677170.53,non-ITS
2025-08-26,196745863.46,non-ITS
2025-08-26,934430684.09,ITS
2025-08-27,202790450.51,non-ITS
2025-08-27,932869226.03,ITS
2025-08-28,202766209.06,non-ITS
2025-08-28,933095288.76,ITS
2025-08-29,202951699.7,non-ITS
2025-08-29,922263420.38,ITS
2025-08-30,195747759.25,non-ITS
2025-08-30,914231965.72,ITS
2025-08-31,199973425.51,non-ITS
2025-08-31,918972484.01,ITS
2025-09-01,174471877.12,non-ITS
2025-09-01,913203212.7,ITS
2025-09-02,194613225.87,non-ITS
2025-09-02,912909998.21,ITS
2025-09-03,195459932.76,non-ITS
2025-09-03,919323743.74,ITS
2025-09-04,179781457.37,non-ITS
2025-09-04,919752158.04,ITS
2025-09-05,199565518.16,non-ITS
2025-09-05,914585124.72,ITS
2025-09-06,186149895.49,non-ITS
2025-09-06,900655870.94,ITS
2025-09-07,898582704.57,ITS
2025-09-07,185371610.72,non-ITS
2025-09-08,181217777.3,non-ITS
2025-09-08,894484999.92,ITS
2025-09-09,207765410.66,non-ITS
2025-09-09,1041793840.55,ITS
2025-09-10,212521492.0,non-ITS
2025-09-10,936276073.13,ITS
2025-09-11,215298081.63,non-ITS
2025-09-11,936491058.53,ITS
2025-09-12,217951320.15,non-ITS
2025-09-12,953618574.87,ITS
2025-09-13,179518802.81,non-ITS
2025-09-13,953002719.31,ITS
2025-09-14,225551257.75,non-ITS
2025-09-14,953599165.35,ITS
2025-09-15,223415086.38,non-ITS
2025-09-15,975035443.53,ITS
2025-09-16,176752080.93,non-ITS
2025-09-16,972490682.81,ITS
2025-09-17,219913744.68,non-ITS
2025-09-17,976707639.58,ITS
2025-09-18,1090184614.61,ITS
2025-09-18,224012685.08,non-ITS
2025-09-19,209858337.9,non-ITS
2025-09-19,967235250.22,ITS
2025-09-20,199692081.39,non-ITS
2025-09-20,964302703.22,ITS
2025-09-21,200247299.72,non-ITS
2025-09-21,962034521.55,ITS
2025-09-22,964227501.53,ITS
2025-09-22,190272021.62,non-ITS
2025-09-23,167534380.91,non-ITS
2025-09-23,957981570.99,ITS
2025-09-24,192211456.03,non-ITS
2025-09-24,942366028.27,ITS
2025-09-25,188407985.29,non-ITS
2025-09-25,963801144.99,ITS
2025-09-26,181214285.1,non-ITS
2025-09-26,937535019.19,ITS
2025-09-27,180448684.95,non-ITS
2025-09-27,949867186.88,ITS
2025-09-28,180628861.7,non-ITS
2025-09-28,944786422.42,ITS
2025-09-29,183308319.52,non-ITS
2025-09-29,960315411.7,ITS
2025-09-30,947273540.87,ITS
2025-09-30,163752385.24,non-ITS
2025-10-01,176582634.25,non-ITS
2025-10-01,921649069.24,ITS
2025-10-02,205158242.93,non-ITS
2025-10-02,943116138.85,ITS
2025-10-03,207205173.48,non-ITS
2025-10-03,935821055.68,ITS
2025-10-04,914936491.43,ITS
2025-10-04,47144394.43,non-ITS
2025-10-05,194410801.72,non-ITS
2025-10-05,915836396.1,ITS
2025-10-06,211356133.55,non-ITS
2025-10-06,917321600.75,ITS
2025-10-08,208556065.34,non-ITS
2025-10-08,918420473.37,ITS
2025-10-09,214705529.25,non-ITS
2025-10-09,909333771.22,ITS
2025-10-10,222682582.31,non-ITS
2025-10-10,913015417.42,ITS
2025-10-11,182741093.36,non-ITS
2025-10-11,891722825.54,ITS
2025-10-12,885636608.24,ITS
2025-10-12,177892871.77,non-ITS
2025-10-13,183619768.0,non-ITS
2025-10-13,896305958.96,ITS
2025-10-14,200829025.87,non-ITS
2025-10-14,902596347.65,ITS
2025-10-15,158051398.88,non-ITS
2025-10-15,892686759.39,ITS
